Sbmale,Sbmale.SD,Sbfemale,Sbfemale.SD,Abmale,Abmale.SD,Abfemale,Abfemale.SD,Line,1E3-4,3C1-3,3Ddis,3D3-4,4A1-2,4C1-2,6A1-2,6E-1.F1-2,7B1-2,7C1-2,8Edis.8E1-2,9B5-6,9C1-2,Lsp.11A7-9,17D1-2,19C1-2,19E1-2
,,,,,,,,,X,X,X,X,X,X,X,X,X,X,X,X,X,X,X,X,X
,,,,,,,,,0.3,1.5,3,3.7,5.5,6.5,16,19,20,21,29,30.5,31.5,39.5,60,64,65
14.5,1.24,15.75,1.37,13.35,1.66,16.35,1.73,1,H,H,H,H,H,H,H,H,A,A,A,A,A,A,H,H,H
16,1.56,16.75,1.55,13.5,1.54,12.4,2.52,3,H,H,H,H,H,H,H,H,A,A,A,A,A,-,A,A,A
16,1.41,16.8,1.11,13.65,2.87,10.65,3.56,4,A,A,A,A,A,A,A,A,A,A,A,A,A,A,A,A,A
14.5,2.46,15.45,1.64,11.25,2.38,6.5,2.91,5,A,A,A,A,A,A,A,A,A,A,A,A,A,-,A,A,A
14.9,1.55,16.05,1.32,11.35,1.35,13.6,3.5,6,A,A,A,A,H,H,H,H,A,A,A,A,A,A,H,H,H
19.55,1.7,18.65,1.76,14.5,1.24,15.35,2.68,7,H,H,H,H,H,H,H,H,H,H,H,A,A,A,H,H,H
15.75,2.15,16.95,2.19,8.55,2.11,6.55,2.14,8,A,A,A,A,A,A,H,H,H,H,H,A,A,-,A,A,A
14.5,1.57,15.2,1.36,12.6,2.62,12.4,2.04,9,H,H,H,H,H,H,A,A,A,A,A,A,A,-,A,A,A
14.85,1.35,15.7,1.45,12.4,2.16,14.35,1.73,10,H,H,H,H,H,H,H,H,H,H,H,H,H,H,H,H,H
15,0.86,15.7,1.42,15.75,2.67,14.55,3.17,11,H,H,H,H,H,H,H,H,A,A,A,A,A,A,A,A,A
16.05,1.39,17.5,1.54,13,1.86,15.9,1.89,12,H,H,H,H,H,H,H,H,H,H,H,A,A,A,H,H,H
16.55,1.5,16.4,0.88,15.8,2.95,18.8,2.19,13,H,H,H,H,H,H,H,H,A,A,A,A,A,-,H,H,H
14.7,1.63,15.95,1.85,8.55,1.93,6.15,2.94,14,A,A,A,A,A,A,A,A,A,A,A,A,A,-,A,A,A
15.95,1.36,16.7,1.49,17.2,2.07,19.75,2.27,15,H,H,H,H,H,H,H,H,A,A,A,A,A,A,H,H,H
15.95,1.15,16.65,1.23,14.95,2.35,17.9,2.57,16,H,H,H,H,H,H,A,A,A,A,A,A,A,A,H,H,H
14.6,1.14,15.9,0.85,11.3,2.6,10.8,2.55,17,H,H,H,H,H,H,H,H,H,H,H,H,H,H,A,A,A
14.85,1.53,15.75,1.21,12.2,1.2,15.2,1.94,18,H,H,H,H,H,H,A,A,A,A,H,H,H,H,H,H,H
15.15,1.27,16.5,1.4,9.95,2.14,6.4,2.46,19,A,A,A,A,A,A,A,A,A,A,A,A,A,H,A,A,A
15.35,1.27,16,1.62,13.3,1.3,16.25,1.77,20,H,H,H,H,H,H,A,A,A,A,H,H,H,H,H,H,H
14.8,1.24,16.45,0.83,11.9,3.45,6.6,3.47,21,A,A,A,A,A,A,A,A,A,A,A,A,A,-,A,A,A
17.5,2.56,17.3,1.87,15.45,1.43,16.9,2.27,22,H,H,H,H,H,H,H,H,H,H,H,H,H,A,H,H,H
14.8,1.15,16.8,1.11,12.95,2.04,15.45,1.9,23,H,H,H,H,H,H,H,H,H,H,H,H,H,H,H,H,H
16,1.89,16.55,1.47,13.3,3.87,16,2.08,24,H,H,H,H,H,H,H,H,A,A,A,A,A,A,H,H,H
14.45,1.36,16.55,1.54,9.25,2.94,8.65,3.91,25,A,A,A,A,A,A,H,H,H,H,H,H,H,H,H,H,H
15.45,1.7,16.65,2.03,8.05,2.44,6.05,3.03,26,A,A,A,A,A,A,A,A,A,A,A,A,A,-,A,A,A
16.15,1.27,16.15,1.53,12.45,2.74,15.7,1.38,28,H,H,H,H,H,H,H,H,H,H,H,A,A,A,H,H,H
16.02,1.47,17.25,1.29,12.5,1.43,12.4,2.44,29,H,H,H,H,H,H,A,A,A,A,A,A,A,-,A,A,A
17.9,2.59,18.25,2.27,13.8,1.88,15.95,1.36,30,H,H,H,H,H,H,H,H,H,H,H,A,A,A,H,H,H
14.25,1.16,16.75,1.55,12,2.2,9.55,2.7,32,A,A,A,A,A,A,A,A,A,A,A,H,A,-,A,A,A
14.45,1.19,15.35,1.23,10.85,3.77,11.3,2.68,33,A,A,A,A,A,A,H,H,H,H,H,H,H,H,H,H,H
14.75,1.12,16.05,1.5,9.6,2.21,7.4,4.38,34,H,H,H,H,A,A,A,A,A,A,A,H,A,-,A,A,A
15.6,1.6,16.55,1.39,11,2.38,8.05,3.3,35,A,A,A,A,A,A,A,A,A,A,A,A,A,-,A,A,A
15.65,2.01,16.85,2.01,13.1,2.25,14.45,3.12,36,A,A,A,A,A,A,H,H,H,H,A,A,A,H,H,H,H
16.8,1.28,17.5,1.67,14.1,2.63,12.55,2.46,38,H,H,H,H,H,H,H,H,H,H,A,A,A,-,A,A,A
16.2,1.4,17.7,1.49,16.85,1.9,18.85,1.66,39,H,H,H,H,H,H,H,H,H,H,A,A,A,H,H,H,H
15.4,1.82,15.9,1.37,14.1,1.97,16.35,2.35,41,H,H,H,H,H,H,A,A,A,A,H,H,H,H,H,H,H
16.55,1.43,17.6,1.9,16.5,1.91,19.4,2.09,42,H,H,H,H,H,H,H,H,H,H,H,H,H,H,H,H,H
15.05,1.43,16.3,1.22,12.3,1.95,15.25,2.38,43,H,H,H,H,H,H,H,H,H,H,H,H,H,H,H,H,H
15.05,1.28,16.25,1.37,13.95,1.79,12.6,2.89,44,A,A,A,A,A,A,A,A,A,A,A,A,A,-,H,H,H
14.85,1.6,16.5,1.1,13.6,1.82,15,1.95,45,H,H,H,H,H,H,H,H,A,A,A,A,A,H,H,H,H
18.65,1.63,18.55,2.19,16.05,2.7,15.15,3.1,46,H,H,H,H,H,H,H,H,H,H,H,H,H,H,A,A,A
16.25,1.65,15.9,1.17,16.9,2.2,16.25,3.71,47,H,H,H,H,H,H,H,H,H,H,A,A,A,H,A,A,A
17,1.52,17,1.38,15.3,2.56,16.2,2.38,48,H,H,H,H,H,H,H,H,H,H,A,A,A,H,H,H,H
14.85,1.14,15.8,1.28,14.7,1.75,16.75,3.63,49,H,H,H,H,H,H,A,A,A,A,H,H,H,H,H,A,A
16.15,1.27,17,1.45,15.25,2.29,15.05,2.42,50,H,H,H,H,H,H,H,H,H,H,A,A,A,-,A,A,A
14.9,1.29,16.7,1.45,11.5,1.61,11.85,3.39,51,H,H,H,H,H,H,A,A,A,A,A,A,A,H,A,A,A
15.3,1.08,16.2,1.54,13.15,1.73,15.5,2.24,52,H,H,H,H,H,H,A,A,A,A,H,H,H,H,H,H,H
14.55,1.39,16.15,1.46,10.55,2.67,11.5,3.46,53,A,A,A,A,A,A,A,A,A,A,A,A,A,-,H,H,H
14.55,1.15,16.55,2.35,12.95,2.28,13.9,2.99,54,A,A,A,A,A,A,H,H,H,H,A,A,A,H,H,H,H
14.9,1.33,15.55,1.28,12.85,1.79,11.65,2.76,55,H,H,H,H,H,H,H,H,H,H,A,A,A,-,A,A,A
16.2,1.58,16.35,2.13,15.1,1.59,18.9,1.71,56,H,H,H,H,H,H,A,A,A,A,A,A,A,-,H,H,H
14.3,1.42,15.6,1.54,11.55,2.61,11.55,2.26,57,A,A,A,A,A,A,A,A,A,A,A,H,A,-,A,A,A
14.65,0.88,16.35,1.46,10.7,2.75,9.3,3.18,58,A,A,A,A,A,A,A,A,A,A,A,A,A,-,A,A,A
17.1,2,18.1,1.8,14.35,2.41,17.25,1.83,60,H,H,H,H,H,H,H,H,H,H,H,H,H,H,H,H,H
14.3,1.38,15.75,1.29,10.4,1.64,11.5,2.42,61,A,A,A,A,A,A,A,A,A,A,A,A,A,-,H,H,H
14.3,1.81,15.6,1.23,10.2,1.51,6.45,3.24,62,A,A,A,A,A,A,A,A,A,A,A,A,A,-,A,A,A
16.55,1.61,17.2,1.67,10.7,1.72,11.5,3.24,63,H,H,H,H,H,H,H,H,H,H,A,A,A,-,A,A,A
15.85,1.23,16.45,1.05,12.6,2.01,12.85,2.35,64,H,H,H,H,H,H,H,H,H,H,H,A,A,A,H,A,A
15.35,1.35,16.65,1.53,10.85,1.98,7.95,3.19,65,A,A,A,A,A,A,A,A,A,A,A,A,A,-,A,A,A
15.75,1.62,16.5,1.32,12.3,1.89,15.25,2.12,66,H,H,H,H,H,H,H,H,H,H,H,H,H,H,H,H,H
16.3,1.53,17.45,2.33,6.8,3.37,5.55,2.96,67,A,A,A,A,A,A,A,A,A,A,A,A,A,-,A,A,A
17.05,1.28,17.95,1.54,15.75,2,16.5,3.22,69,H,H,H,H,H,H,H,A,A,A,A,A,A,-,A,A,A
15.55,1.57,15.8,1.28,12,1.45,11.35,2.41,71,H,H,A,A,H,H,H,H,H,H,H,H,H,H,A,A,A
16.2,1.28,17.45,1.64,13.8,1.77,17.4,1.54,72,H,H,H,H,H,H,H,H,H,H,H,H,H,H,H,H,H
15.55,1.64,16.1,1.25,13.8,1.58,16.85,1.93,73,H,H,H,H,H,H,H,H,H,H,H,H,H,H,H,H,H
15.45,1.7,17.4,1.47,13.35,1.46,16.15,1.95,75,H,H,H,H,H,H,H,H,H,H,H,H,H,H,H,H,H
15.35,1.5,16.1,1.33,12.7,1.34,13.85,1.98,76,H,H,H,H,H,H,H,H,H,H,H,H,H,H,H,H,H
16,1.41,16.8,2.02,12.7,1.59,13.15,3.76,77,H,H,H,H,H,H,A,A,A,A,A,A,A,-,A,A,A
14.6,1.43,16.25,1.52,8.65,3.18,7.75,2.94,78,A,A,A,A,A,A,A,A,A,A,A,A,A,A,A,A,A
16.5,1.64,17.5,1.7,13.2,2.07,14.15,2.5,79,H,H,H,H,H,H,H,H,H,H,H,H,H,H,H,A,A
15.65,1.04,16.65,1.46,13.1,2,17.55,1.39,80,H,H,H,H,H,H,A,A,A,A,A,H,H,-,H,H,H
15.05,1.39,16.1,1.12,9.7,2.25,8.3,2.52,81,A,A,A,A,A,A,A,A,A,A,A,A,A,A,H,H,H
16.4,2.06,16.85,1.31,13,3.11,15.55,1.76,82,H,H,H,H,H,H,H,H,H,H,H,H,H,H,H,H,H
15.8,1.47,16.55,1.43,14.45,2.26,13.05,4.25,83,H,H,H,H,H,H,H,H,H,H,H,H,H,H,A,A,A
14.65,1.87,16.55,1.9,8.75,1.89,6.6,3.2,85,A,A,A,A,A,A,A,A,A,A,A,H,A,-,A,A,A
16.3,2.05,16.85,1.46,9.5,3.27,9.35,3.99,86,A,A,A,A,A,A,H,H,H,H,H,H,H,H,A,A,A
14.65,1.23,15.35,1.5,9.3,2.39,8.6,2.8,88,A,A,A,A,A,A,A,A,A,A,H,H,H,H,H,H,H
14.5,1.43,15.65,1.53,12.2,1.91,13.8,2.28,89,H,H,H,H,H,H,H,H,H,H,H,H,H,H,H,H,H
14.85,1.14,16.15,1.35,13.05,1.88,15.2,1.44,91,H,H,H,H,H,H,H,H,H,H,A,A,A,H,H,H,H
16.15,1.27,17.3,0.92,13.7,2.79,17.3,1.87,92,H,H,H,H,H,H,A,A,A,A,A,A,A,-,H,H,H
15.8,1.24,17.25,1.25,14,1.75,16.55,2.35,93,H,H,H,H,H,H,H,H,H,H,A,A,A,H,H,H,H
15.9,2.17,16.95,1.96,12.1,1.83,12.65,3.34,94,H,H,H,H,H,H,H,H,H,H,H,H,H,H,A,A,A
14.9,1.25,17,1.03,10.65,2.83,10.55,3.02,95,A,A,A,A,A,A,A,A,A,A,A,A,A,-,H,H,H
14.8,1.11,16.3,1.49,8.3,3.01,7.55,2.84,96,A,A,A,A,A,A,A,A,A,A,A,A,A,H,A,A,A
15.2,1.11,16.85,1.63,15.45,2.11,18.55,2.67,97,H,H,H,H,H,H,H,H,H,H,A,A,A,-,A,A,A
14.65,0.99,15.3,1.56,8.8,2.12,6.57,3.09,98,A,A,A,A,A,A,A,A,A,A,A,A,A,A,A,A,A
14.8,1.36,16.1,2.07,8.95,2.01,4.1,1.83,99,A,A,A,A,A,A,A,A,A,A,A,A,A,-,A,A,A
16.4,1.98,17.98,2.39,14.4,1.79,12.65,4.11,100,H,H,H,H,H,H,H,H,H,H,A,A,A,-,A,A,A
15.6,1.5,16.6,1.76,14.15,2.18,13.2,3.91,101,A,A,A,A,A,A,H,H,H,H,A,A,A,H,H,H,H
15.15,1.46,15.9,1.07,9.35,2.51,9.65,3.05,102,A,A,A,A,A,A,A,A,A,A,A,A,A,H,H,H,H
16.5,1.19,17.25,2.07,10.25,4.01,12.3,2.81,103,A,A,A,A,A,A,A,A,A,A,A,A,A,H,H,H,H
16.25,1.25,16.75,1.89,15.85,2.3,18.1,2.2,104,H,H,H,H,H,H,H,H,H,H,A,A,A,H,H,H,H
