SBmale,SBmale.SD,SBfemale,SBfemale.SD,ABmale,ABmale.SD,ABfemale,ABfemale.SD,Line,61A1,64C1,64D1,66A1,67C4,67F1,68A1,68C1,68E1,69A1,70A1,75C1,85E1,85F1dis,85F4,87A1,87B1,88B1-4dis,88E1,89D1,92E1,93F1,94B1,95A1,96B5,96F5,99F1,100C2,100F1
,,,,,,,,,3,3,3,3,3,3,3,3,3,3,3,3,3,3,3,3,3,3,3,3,3,3,3,3,3,3,3,3,3
,,,,,,,,,0,13.5,19.5,23,28.9,34,34.5,35,37,38,40,46,49,49,49,51,51,54,56,58.8,69.5,73,76,79.7,85,90,102,105,108
16.65,1.309,17.35,1.04019,14.15,1.954,9,2.86548,1,A,A,A,A,A,A,A,A,A,A,A,A,A,A,A,A,A,A,A,A,H,H,H,H,H,H,H,H,H
18,1.487,18.9,1.997,10.1,2.789,5.65,2.996,2,H,A,A,A,A,A,A,A,A,A,A,A,A,A,A,A,A,A,A,A,A,A,A,A,A,A,H,H,H
16.3,1.342,18.5,1.357,11.85,2.11,5.35,2.455,5,A,A,A,A,A,A,A,A,A,A,A,A,A,A,A,A,A,A,A,A,A,H,H,H,H,H,H,H,H
18.7,1.559,19.05,2.259,12.55,1.932,10,2.271,8,H,H,H,H,H,H,H,H,H,A,A,A,A,A,A,A,A,A,A,A,A,A,A,A,A,A,A,A,A
16.95,1.432,17.35,1.137,16.45,2.012,15.25,2.245,9,A,A,A,A,A,A,A,H,H,H,H,H,H,H,H,H,H,H,H,H,H,H,H,A,A,A,A,A,A
16,1.376,17.5,1.469,9.85,2.3,4.05,2.8,10,A,A,A,A,A,A,A,A,A,A,A,A,A,A,A,A,A,A,A,A,A,A,A,A,H,H,H,H,H
16.85,1.268,18.55,1.356,14.3,1.867,6.65,3.528,11,A,A,A,A,A,A,A,A,A,A,A,A,A,A,A,A,A,A,H,H,H,H,H,H,H,H,H,H,H
16.15,1.309,16.8,1.196,10.2,2.093,5.1,2.789,12,A,A,A,A,A,A,A,A,A,A,A,A,A,A,A,A,A,A,A,A,A,A,A,A,A,A,A,A,A
18.85,1.899,21.8,3.205,19.6,1.273,21.85,2.621,13,H,H,H,H,H,H,H,H,H,H,H,H,H,H,H,H,H,H,H,H,H,H,H,H,H,H,A,A,A
20,1.686,21.1,2.024,19.8,2.375,20.3,3.147,14,H,H,H,H,H,H,H,H,H,H,H,H,H,H,H,H,H,H,H,H,H,H,H,H,H,H,H,H,H
19.55,1.538,20.9,1.832,11.05,1.572,5.8,2.526,15,H,A,A,A,A,A,A,A,A,A,A,A,A,A,A,A,A,A,A,A,A,A,A,A,A,A,A,A,A
15.45,1.468,17.7,1.658,12.2,1.24,6.65,2.7,17,A,A,A,A,A,A,A,A,A,A,A,A,A,A,A,A,A,A,A,A,A,A,A,A,A,H,H,H,H
18.55,1.905,20.55,2.605,12.5,2.685,8.1,2.751,20,H,H,H,A,A,A,A,A,A,A,A,A,A,A,A,A,A,A,A,A,A,A,A,A,A,A,A,A,A
16.2,1.152,17.65,1.089,12.1,1.971,5.1,1.997,21,A,A,A,A,A,A,A,A,A,A,A,A,A,A,A,H,H,H,H,H,H,H,H,H,A,A,A,A,A
16,0.973,16.9,1.651,11,2.077,6,2.052,22,A,A,A,A,A,A,A,A,A,A,A,A,A,A,A,A,A,A,A,A,A,A,A,A,A,A,A,A,A
16.05,1.317,18.35,1.843,11.95,1.701,5.95,2.481,23,A,A,A,A,A,A,A,A,A,A,A,A,A,A,A,A,A,A,A,A,H,H,H,H,H,H,H,H,H
15.6,1.353,17.6,1.142,10.1,1.861,5.6,2.257,25,A,A,A,A,A,A,A,A,A,A,A,A,A,A,A,A,A,A,A,A,A,A,A,A,A,H,H,H,H
16.05,1.146,17.45,1.276,11.3,2.638,4.95,2.704,26,A,A,A,A,A,A,A,A,A,A,A,A,A,A,A,A,A,A,A,A,A,A,A,A,A,A,A,A,A
20.1,1.165,21.45,2.481,20.2,1.824,20.8,1.881,27,H,H,H,H,H,H,H,H,H,H,H,H,H,H,H,H,H,H,H,H,H,H,H,H,H,H,A,A,A
15.55,1.191,17.35,1.814,14.25,2.573,10.45,3.203,28,A,A,A,A,A,A,A,A,H,H,H,H,H,H,H,H,H,H,H,H,H,H,H,H,A,A,A,A,A
15.5,1.1,17.1,1.373,9.35,1.725,4.6,3.05,29,A,A,A,A,A,A,A,A,A,A,A,A,A,A,A,A,A,A,A,A,A,A,A,A,A,A,A,A,A
20.4,3.085,21.8,1.473,19.1,1.774,19.1,2.337,30,H,H,H,H,H,H,H,H,H,H,H,H,H,H,H,H,H,H,H,H,H,A,A,A,A,A,A,A,A
16.65,0.988,17.1,1.252,9.2,2.093,5.2,2.285,31,A,A,A,A,A,A,A,A,A,A,A,A,A,A,A,A,A,A,A,A,A,A,A,A,A,A,A,A,A
18.65,1.182,19.8,1.322,11.95,1.959,6.3,2.029,33,H,A,A,A,A,A,A,A,A,A,A,A,A,A,A,A,A,A,A,A,A,A,A,A,A,A,H,H,H
16.75,2.197,18.6,0.995,10.45,3.62,5.2,2.648,34,A,A,A,A,A,A,A,A,A,A,A,A,A,A,A,A,A,A,A,A,H,H,H,H,A,A,A,A,A
17.1,1.971,17.35,1.899,9.35,2.581,7.15,2.477,35,A,A,A,A,A,A,A,A,A,A,A,A,A,A,A,A,A,A,A,A,A,A,A,A,A,A,A,A,A
17.3,1.809,19.15,1.843,18.8,2.567,18.55,2.282,37,A,H,H,H,H,H,H,-,H,H,H,H,H,H,H,H,H,H,H,H,H,H,-,H,H,H,H,H,H
20.1,2.447,21.3,2.697,11.55,1.504,6.25,2.971,38,H,H,H,A,A,A,A,A,A,A,A,A,A,A,A,A,A,A,A,A,A,A,A,A,A,A,A,A,A
15.35,1.461,17.45,1.572,11.85,2.323,6.05,2.724,39,A,A,A,A,A,A,A,A,A,A,A,A,A,A,A,A,A,A,A,A,A,H,H,H,H,H,H,H,H
17.35,1.04,18.1,0.852,17.65,1.599,19.55,2.012,40,A,H,H,H,H,H,H,H,H,H,H,H,H,H,H,H,H,H,H,H,H,H,H,H,H,H,H,A,A
20.3,1.75,20.35,1.599,20.1,2.174,18.65,3.746,41,H,H,H,H,H,H,H,H,H,H,H,H,H,H,H,H,H,H,H,H,H,H,H,H,H,H,A,A,A
16.15,1.631,17.35,1.785,17.15,1.725,17.2,2.608,43,A,A,A,H,H,H,H,H,H,H,H,H,H,H,H,H,H,H,H,H,H,H,H,H,H,H,H,H,H
15.65,1.182,16.8,1.056,9.35,2.16,4.65,2.661,44,A,A,A,A,A,A,A,A,A,A,A,A,A,A,A,A,A,A,A,A,A,A,A,A,A,A,H,H,H
18.8,1.576,20.2,1.361,17.2,2.628,15,3.756,45,H,H,H,H,H,H,H,H,H,H,H,H,H,H,H,H,H,H,H,H,H,H,H,A,A,A,A,A,A
16.05,1.191,17.7,1.625,13.25,1.713,8.45,3.316,46,A,A,A,A,A,A,A,A,A,A,A,A,A,A,A,A,A,A,A,A,H,H,H,H,H,H,H,H,H
15.6,0.995,17.4,1.465,16.6,2.21,14,3.811,47,A,A,A,A,H,H,H,H,H,H,H,H,H,H,H,H,H,H,H,H,H,H,H,H,H,H,H,H,H
20,1.864,20.5,1.638,20.2,1.936,22.65,1.725,48,H,H,H,H,H,H,H,H,H,H,H,H,H,H,H,H,H,H,H,H,H,H,H,H,H,H,H,H,H
15.45,1.191,16.65,1.387,14.55,1.849,11.55,3.017,51,A,A,A,A,A,A,A,A,A,A,A,H,H,H,H,H,H,H,H,H,H,H,H,H,H,H,H,H,H
19.6,1.536,21.3,1.809,18.65,2.796,16.65,3.87,52,H,H,H,H,H,H,H,H,H,H,H,H,H,H,H,H,H,H,H,H,H,H,H,H,H,H,H,H,H
19.3,1.38,21,1.777,20,2.128,19.15,3.602,53,H,H,H,H,H,H,H,H,H,H,H,H,H,H,H,H,H,H,H,H,H,H,H,H,H,H,H,H,H
15.45,2.038,15.75,1.943,9.1,2.614,5.3,2.273,55,A,A,A,A,A,A,A,A,A,A,A,A,A,A,A,A,A,A,A,A,A,A,A,A,A,A,A,A,A
16.15,1.137,17.45,1.638,7.9,2.404,4.25,2.074,56,A,A,A,A,A,A,A,A,A,A,A,A,A,A,A,A,A,A,A,A,A,A,A,A,A,A,A,A,A
16.55,1.356,17.6,1.231,9.45,2.685,3.95,2.373,57,A,A,A,A,A,A,A,A,A,A,A,A,A,A,A,A,A,A,A,A,A,A,A,A,A,H,H,H,H
18.4,1.046,21.05,1.572,9.3,1.658,2.8,2.308,59,H,A,A,A,A,A,A,A,A,A,A,A,A,A,A,A,A,A,A,A,A,A,A,A,A,A,A,A,A
16.55,1.05,16.9,1.294,18.9,2.972,16.3,3.114,60,A,A,A,A,H,H,H,H,H,H,H,H,H,H,H,H,H,H,H,H,H,H,H,H,H,H,H,H,H
15.3,1.302,16.9,1.41,8.2,2.397,3.7,1.658,61,A,A,A,A,A,A,A,A,A,A,A,A,A,A,A,A,A,A,A,A,A,A,A,A,A,A,H,H,H
17,1.376,17.55,1.432,13.1,1.41,11.6,2.303,63,H,H,H,H,H,H,H,H,H,H,H,H,H,H,H,H,H,A,A,A,A,A,A,A,A,A,A,A,A
16.5,2.115,19.1,2.245,10.5,3.591,7.55,3.98,64,H,H,H,H,H,H,H,H,H,H,H,A,A,A,A,A,A,A,A,A,A,A,A,A,A,A,H,H,H
19.1,2.075,20.45,1.761,19.15,2.16,17.55,4.334,65,H,H,H,H,H,H,H,H,H,H,H,H,H,H,H,H,H,H,H,H,H,H,H,H,H,H,H,H,H
20.6,1.465,22.15,1.872,19.45,3.441,16.8,3.205,66,H,H,H,H,H,H,H,H,H,H,H,H,H,H,H,H,H,H,H,H,H,H,H,H,H,H,H,H,H
16.1,1.586,17.95,1.146,15,2.2,11.1,2.269,67,A,A,A,A,A,A,A,A,H,H,H,H,H,H,H,H,H,H,H,H,H,H,H,H,H,H,H,H,H
16.5,1.395,16.95,1.605,13.25,1.97,10.6,2.542,68,A,A,A,H,H,H,H,H,H,H,H,H,H,H,H,H,H,H,H,H,A,A,A,A,A,A,A,A,A
16.1,1.41,17,1.17,13.15,2.621,9.15,3.843,69,A,A,A,A,A,A,A,A,A,A,H,H,H,H,H,H,H,H,H,H,H,H,H,H,H,A,A,A,A
14.95,1.701,17.15,1.424,13.95,3.316,11.4,4.096,70,A,A,A,A,A,A,A,A,H,H,H,H,H,H,H,H,H,H,H,H,H,A,A,A,A,A,H,H,H
16.3,0.923,17.7,1.525,10.85,1.814,12.7,5.362,71,A,A,A,A,A,A,A,A,A,A,A,A,A,A,A,A,A,A,A,A,A,A,A,A,A,A,A,A,A
14.55,1.146,15.3,0.923,14.55,1.959,12.85,4.095,72,A,A,A,A,H,H,H,H,H,H,H,H,H,H,H,H,H,H,H,H,H,H,H,H,H,H,H,H,H
18.9,1.917,20.3,2.598,19.8,2.016,19.7,3.278,73,H,H,H,H,H,H,H,H,H,H,H,H,H,H,H,H,H,H,H,H,H,H,H,H,H,H,H,H,H
18.55,1.605,19.65,1.599,19.8,2.419,21.05,2.305,74,H,H,H,H,H,H,H,H,H,H,H,H,H,H,H,H,H,H,H,H,H,H,H,H,H,H,H,H,H
14.6,1.231,16,1.451,17.4,2.162,13.4,2.927,75,A,A,A,A,H,H,H,H,H,H,H,H,H,H,H,H,H,H,H,H,H,H,H,H,H,H,H,H,H
19.35,1.631,20.45,1.877,10.5,2.164,5.2,2.331,76,H,H,H,A,A,A,A,A,A,A,A,A,A,A,A,A,A,A,A,A,A,A,A,A,A,A,A,A,A
16.8,2.397,17.3,1.658,15.55,1.395,13.35,2.87,77,A,A,A,A,H,H,H,H,H,H,H,H,H,H,H,H,H,H,H,H,H,H,H,A,A,A,A,A,A
18.8,1.936,19.85,1.981,18.45,1.432,17.3,3.881,79,H,H,H,H,H,H,H,H,H,H,H,H,H,H,H,H,H,H,H,H,H,H,H,H,H,H,H,A,A
17.8,1.056,18.4,1.273,13.45,2.305,10.6,3.992,81,H,H,H,H,A,A,A,A,A,A,A,A,A,A,A,A,A,A,A,A,H,H,H,H,H,H,H,H,H
15.9,1.021,17.6,1.635,17.75,1.97,15.05,3.471,82,A,A,A,A,A,A,A,A,A,A,H,H,H,H,H,H,H,H,H,H,H,H,H,H,H,H,H,H,H
17.05,1.356,17.55,1.669,16.75,2.124,16.65,2.852,83,A,A,A,A,H,H,H,H,H,H,H,H,H,H,H,H,H,H,H,H,H,H,H,A,A,A,A,A,A
16.2,1.473,17.15,1.461,17.7,1.72,16.1,2.245,84,A,A,A,A,H,H,H,H,H,H,H,H,H,H,H,H,H,H,H,H,H,H,H,H,H,H,H,H,H
