pheno1,pheno2,sex,age,D1M430,D1M318,D1M212,D1M437,D1M490,D1M15,D1M17,D2M359,D2M241,D2M336,D2M398,D2M51,D3M227,D3M10,D3M17,D4M286,D4M145,D4M12,D4M310,D5M13,D5M354,D5M391,D5M81,D5M233,D5M394,D5M197,D5M157,D5M406,D5M285,D6M264,D6M29,D6M36,D6M194,D6M201,D7M190,D7M310,D7M301,D7M285,D8M4,D8M46,D8M80,D8M42,D9M191,D9M352,D9M22,D9M133,D9M355,D9M18,D10M166,D10M44,D10M68,D10M14,D11M20,D11M245,D11M67,D11M12,D12M168,D12M210,D12M52,D12M101,D12M8,D13M236,D13M17,D13M115,D13M59,D13M266,D13M88,D13M91,D13M248,D13M254,D13M106,D13M77,D14M14,D14M142,D14M160,D15M5,D15M71,D15M42,D16M181,D16M87,D16M4,D16M70,D17M21,D17M66,D17M88,D17M38,D18M14,D18M4,D19M16,D19M119,D19M34
,,,,1,1,1,1,1,1,1,2,2,2,2,2,3,3,3,4,4,4,4,5,5,5,5,5,5,5,5,5,5,6,6,6,6,6,7,7,7,7,8,8,8,8,9,9,9,9,9,9,10,10,10,10,11,11,11,11,12,12,12,12,12,13,13,13,13,13,13,13,13,13,13,13,14,14,14,15,15,15,16,16,16,16,17,17,17,17,18,18,19,19,19
,,,,0,9.8,13.11,37.11,53.51,79.71,103.81,0,21.8,44.8,50.2,72.1,0,19.7,32.8,0,20.7,36,52.4,0,1.1,2.2,3.3,4.4,9.8,10.9,24,35.01,62.31,0,24,37.1,48.1,62.3,0,13.1,31.71,42.6,0,17.5,29.5,61.2,0,1.1,2.2,20.7,28.4,48.1,0,16.4,49.2,67.7,0,20.7,40.4,55.7,0,19.7,25.1,42.6,54.6,0,2.2,3.3,6.61,6.62,12.02,15.32,18.63,24.03,32.83,52.53,0,11.99,30.6,0,17.5,42.6,0,4.4,21.8,48.11,0,9.9,19.7,30.6,0,27.4,0,14.2,31.7
6.92513,6.09208,0,29.94733,H,H,H,H,H,H,H,H,H,H,-,H,-,H,H,A,H,A,-,H,H,H,H,H,H,H,H,H,H,H,H,H,A,H,H,H,A,A,H,A,A,A,H,H,H,H,H,A,A,H,H,H,H,-,A,H,A,A,A,A,A,-,H,H,H,H,H,-,H,H,A,A,-,-,A,H,H,A,H,-,H,A,-,H,H,H,H,H,H,H,H
4.5727,5.87957,0,32.6875,H,A,-,H,H,A,A,A,-,A,A,A,A,A,A,H,-,-,A,A,A,A,A,A,A,A,A,A,A,A,A,H,H,-,H,H,H,-,A,A,A,-,A,A,-,-,A,A,A,A,A,A,H,H,A,-,H,A,A,A,-,A,A,A,A,A,A,A,-,A,A,A,H,H,H,H,H,H,A,A,A,H,H,H,H,H,-,-,H,H,H
6.0862,7.91321,0,35.28578,-,H,-,A,A,A,A,A,A,A,A,-,H,H,H,A,A,A,A,A,A,A,A,A,A,A,A,H,-,H,A,A,A,A,H,H,H,-,-,A,A,A,H,-,H,H,H,H,H,H,-,A,H,H,H,H,H,H,-,H,H,H,H,H,H,H,H,H,H,H,H,A,A,A,-,H,H,H,-,A,H,H,A,A,A,A,A,-,H,H,H
7.42481,6.26186,1,32.14944,H,H,H,H,H,H,H,-,A,A,H,H,H,H,H,A,-,-,H,A,A,A,A,A,A,A,A,A,H,H,H,H,H,H,A,A,A,A,A,A,A,A,A,A,A,H,H,A,H,H,A,A,H,A,A,A,A,A,A,A,H,A,-,A,A,A,A,A,A,A,A,A,-,A,A,A,A,H,A,-,A,A,A,A,A,-,A,A,H,H,H
8.64747,5.39659,1,13.69585,A,A,A,A,A,-,A,A,H,H,H,A,H,-,H,A,-,A,A,-,A,A,A,A,A,A,A,H,H,H,H,H,H,H,H,H,H,H,A,-,A,A,H,H,H,H,H,-,H,H,H,H,H,A,A,A,A,A,A,A,A,A,A,A,A,A,A,A,A,-,A,A,-,A,A,A,A,A,H,H,H,A,A,-,-,-,-,A,A,A,-
8.83584,9.06314,1,22.40024,H,H,H,H,A,-,-,H,H,H,H,H,H,H,H,H,-,H,H,H,H,H,H,H,H,H,H,H,-,A,A,-,A,A,H,H,H,H,A,A,H,H,H,H,H,H,H,H,H,H,A,H,A,A,A,A,H,A,-,A,A,A,A,-,A,A,-,A,A,A,A,A,A,A,A,H,-,H,H,H,A,A,H,H,H,H,A,A,A,A,A
6.84971,5.1981,0,24.07455,A,A,A,-,H,H,H,A,A,H,H,H,H,H,H,H,H,H,H,A,A,A,H,H,H,H,H,H,H,A,A,A,A,H,H,H,-,A,A,A,A,A,A,A,A,A,A,A,H,-,H,H,A,A,A,A,H,-,H,H,A,-,H,H,H,H,-,H,-,H,-,H,A,A,-,H,H,H,H,H,H,H,A,A,H,H,H,H,A,A,A
5.33545,6.59451,1,13.55714,H,H,H,A,H,H,H,H,H,H,H,H,A,A,A,-,-,H,H,A,A,A,-,A,A,A,A,A,A,A,H,H,A,A,H,A,A,A,H,A,-,A,H,H,H,H,H,H,A,A,H,H,H,-,H,H,H,-,H,H,H,-,H,H,H,H,H,-,H,A,-,A,H,A,A,A,A,A,H,H,H,H,H,A,A,A,H,H,A,A,H
7.22447,6.81504,1,20.15604,A,A,A,A,A,A,H,H,H,H,H,A,-,A,A,-,A,A,H,H,H,H,H,-,H,H,H,H,H,A,A,A,A,A,H,H,H,H,A,A,A,A,A,A,A,H,H,H,-,H,A,-,H,H,-,A,H,A,-,H,H,A,-,A,A,-,A,-,A,A,A,A,A,A,A,A,A,A,A,A,A,A,-,A,A,A,H,H,H,A,A
6.00536,5.31791,1,17.13086,A,A,A,A,A,H,H,A,A,H,A,H,A,-,H,A,A,A,A,A,A,A,A,A,A,A,A,A,A,H,H,H,H,H,A,A,H,H,A,A,A,A,H,H,-,A,A,A,H,H,H,H,H,A,A,A,H,H,H,H,A,H,-,H,H,H,H,H,-,H,H,H,A,H,A,A,A,A,H,H,H,H,H,H,H,H,A,-,A,A,A
7.86204,5.78697,1,16.31538,A,A,A,H,H,A,A,-,H,H,H,A,A,H,H,H,H,H,H,A,H,H,H,H,-,H,H,A,A,H,H,A,A,A,A,A,A,A,A,A,A,A,A,A,A,-,A,A,A,A,-,A,A,A,H,H,H,-,H,H,H,-,-,A,A,A,A,-,A,A,H,H,H,H,H,A,A,A,H,H,H,H,H,H,H,H,A,H,-,H,A
5.88582,5.48741,0,24.63004,-,A,A,A,A,A,A,A,A,A,A,A,H,-,H,H,A,-,A,A,-,A,A,A,A,A,A,A,A,A,-,A,A,A,-,A,H,H,A,A,A,A,H,-,H,H,H,A,A,A,A,A,A,H,H,H,H,A,A,H,A,H,H,H,H,H,H,H,H,A,A,-,H,H,H,A,A,-,A,A,A,A,H,H,H,A,A,-,A,A,A
5.89297,5.06485,0,17.80286,A,A,A,A,A,-,H,H,H,H,H,H,H,-,H,A,H,H,H,H,H,H,H,H,H,H,H,-,H,A,A,A,A,A,H,A,A,A,H,-,H,H,H,H,H,H,-,H,H,H,H,H,A,A,A,A,-,A,A,A,A,A,A,A,A,A,A,A,A,A,H,H,A,A,H,A,H,H,H,H,-,A,H,H,H,A,A,H,A,A,-
4.0825,2.57551,0,21.89896,H,H,H,H,H,A,A,A,A,H,H,H,A,A,H,A,H,H,H,A,A,A,A,A,A,A,A,A,A,A,A,A,A,A,A,A,A,A,-,H,-,H,A,A,A,A,A,A,A,A,H,A,-,H,-,H,A,H,H,H,-,A,A,-,A,-,A,A,A,A,A,A,A,A,A,-,H,H,A,A,A,H,H,H,H,H,H,H,H,H,A
7.29753,8.57078,1,35.63484,H,H,H,-,H,A,A,A,A,A,A,A,H,H,A,A,A,A,H,H,H,H,H,H,H,H,H,H,H,A,A,A,A,-,A,A,A,A,A,H,H,H,A,A,A,H,H,H,A,A,A,A,A,A,-,A,H,A,A,A,A,-,A,-,A,A,A,A,A,A,A,A,A,A,A,H,A,A,H,H,H,H,H,H,H,H,A,H,A,A,A
6.99282,8.146,0,38.36214,A,A,A,A,A,A,A,H,-,A,-,H,-,H,H,A,A,A,A,A,A,-,A,A,-,-,H,H,A,H,H,H,H,H,A,-,A,A,A,A,-,A,A,A,A,A,H,H,H,H,A,A,-,H,A,H,A,-,A,-,H,A,-,A,A,A,-,A,A,A,A,H,A,A,A,A,A,H,H,H,A,-,A,A,A,A,H,H,H,H,H
6.22829,4.37575,0,13.73347,A,A,A,A,A,A,A,H,H,H,H,H,A,A,A,A,A,A,A,A,A,A,A,A,H,H,H,H,H,A,H,H,H,H,A,A,A,A,H,A,A,A,A,H,H,H,H,H,H,H,H,H,H,A,A,H,A,A,A,A,A,H,-,H,H,H,H,H,H,A,A,A,H,H,H,A,A,A,H,H,H,H,A,H,H,H,H,H,A,A,H
6.99784,6.2508,0,33.59609,H,H,H,-,H,H,H,A,A,A,A,A,H,A,A,A,H,A,A,H,H,H,-,H,-,H,H,H,H,A,A,A,A,A,H,H,H,A,H,H,H,-,H,H,H,H,H,A,-,H,H,H,H,H,A,H,H,H,H,H,H,A,A,A,-,A,A,A,A,A,A,A,A,A,A,H,A,A,A,A,A,A,A,A,A,A,A,A,A,H,H
5.10614,4.04239,0,18.42392,H,H,H,H,-,H,H,H,-,A,A,H,H,H,H,H,A,-,-,H,H,A,A,A,A,A,A,H,-,H,A,A,-,A,H,H,H,H,H,H,A,H,H,H,H,H,H,H,H,H,H,H,A,H,H,H,H,-,A,-,H,A,A,A,A,A,A,A,A,A,A,A,A,-,-,A,-,A,A,A,A,H,A,A,A,A,H,H,H,H,H
3.77821,1.37101,0,11.55632,H,H,H,A,A,-,H,H,H,A,A,A,A,A,A,H,H,H,H,A,-,A,A,A,H,H,H,H,H,A,H,H,H,H,A,H,-,A,A,A,A,A,H,H,H,H,H,H,H,H,H,H,A,A,H,-,A,-,-,H,H,H,H,H,H,H,H,H,H,H,H,A,H,H,H,-,H,H,H,H,H,H,A,A,A,A,H,H,A,A,A
6.71416,6.75219,1,26.25064,-,H,H,H,H,H,H,A,A,A,A,A,H,H,H,H,H,H,A,A,A,A,A,A,H,H,H,H,H,H,-,H,H,H,H,A,A,A,H,A,A,H,A,A,H,A,A,A,H,A,A,-,H,H,H,A,-,-,H,H,H,A,H,H,H,H,H,H,-,H,A,A,-,H,-,H,H,H,A,A,A,A,H,H,H,H,H,A,H,H,H
8.09117,7.23644,1,29.69179,H,H,-,H,H,-,H,-,A,A,A,A,H,H,H,A,A,A,A,-,H,-,H,H,H,H,H,A,A,A,A,A,A,A,A,A,A,H,A,A,A,H,A,A,A,A,A,A,H,A,H,H,A,A,-,A,H,H,H,H,-,A,A,A,A,A,A,A,-,A,-,A,A,A,A,-,A,A,A,A,A,H,A,A,A,A,A,A,H,H,H
4.90155,2.2217,0,18.66202,H,H,H,H,H,H,H,-,A,A,A,A,H,H,H,A,A,A,A,H,H,H,H,-,H,-,-,A,H,A,A,H,A,H,A,A,A,A,A,A,-,A,H,H,H,-,H,H,A,A,A,A,H,-,H,A,A,A,A,A,A,A,A,A,A,A,A,A,A,A,A,H,H,A,A,A,A,A,H,H,H,H,H,H,H,H,H,A,A,A,H
7.30708,7.7689,1,19.34771,A,A,A,A,A,H,H,A,A,H,H,-,A,H,H,A,A,A,A,H,H,H,H,H,H,A,A,A,A,A,H,H,H,A,A,A,H,H,H,H,H,H,A,A,A,-,A,H,-,H,H,H,A,A,A,A,A,A,A,A,A,H,H,A,-,A,H,H,-,H,H,H,A,A,A,-,A,A,H,H,A,A,H,H,H,H,H,A,H,H,A
6.17639,7.62202,1,13.8773,H,H,H,-,A,H,-,-,H,A,A,A,H,H,H,-,H,H,H,H,H,H,H,H,H,H,H,H,H,A,A,A,A,A,H,-,A,A,H,A,A,A,H,H,H,H,H,H,A,A,A,A,H,-,H,H,A,H,-,H,A,A,A,A,A,-,A,A,A,A,A,H,A,A,A,H,H,H,H,-,H,H,A,A,A,A,A,-,-,A,-
2.80164,3.37665,0,13.63529,H,H,-,A,A,H,H,H,H,H,-,H,A,A,A,-,H,H,H,H,H,H,H,A,-,-,-,H,H,-,H,H,H,A,A,A,A,A,H,H,H,-,A,A,A,A,-,A,A,A,-,H,A,H,-,H,-,H,H,-,-,A,A,A,H,H,H,H,H,H,A,A,H,H,-,H,A,A,A,H,H,H,H,H,H,-,A,H,H,H,H
4.79888,5.92525,1,28.24797,H,H,H,H,-,A,A,-,A,A,A,A,H,H,H,H,H,-,H,H,H,A,A,A,A,A,-,A,A,H,H,-,H,H,-,A,H,H,H,H,H,A,A,A,A,A,A,-,A,A,A,H,-,H,H,H,A,A,A,A,A,H,H,H,H,H,H,H,H,H,-,H,A,-,A,H,H,H,H,-,H,H,H,H,H,H,H,H,A,A,A
8.18763,6.521,0,36.19812,H,H,H,-,A,A,H,H,H,H,A,A,A,A,A,A,A,A,A,H,H,H,H,H,H,H,A,H,A,H,-,A,A,A,-,A,A,A,-,H,H,H,H,H,H,A,A,A,A,A,A,A,H,H,H,H,H,H,H,H,H,H,-,H,H,H,H,H,H,H,H,H,-,A,A,H,H,H,A,A,A,A,H,H,-,H,-,A,A,A,A
8.15053,10.58076,1,37.31406,A,A,A,-,A,-,A,H,H,H,H,H,A,A,A,H,H,A,A,H,H,H,H,-,-,H,H,H,H,A,A,A,A,A,A,A,A,A,A,A,A,A,H,-,H,A,A,A,A,-,A,H,H,H,H,A,A,A,A,A,-,A,A,A,-,H,-,H,-,-,H,H,A,A,A,H,A,A,H,H,H,H,-,H,H,H,A,A,A,A,H
6.23762,7.15618,1,20.23158,H,H,H,H,H,H,A,A,A,A,A,H,H,H,-,H,H,H,H,H,-,H,H,H,H,H,A,A,A,-,H,H,H,A,A,A,A,A,A,A,A,A,H,H,H,H,H,H,A,A,A,A,H,-,-,H,H,H,H,H,H,A,A,A,A,A,-,A,A,A,A,A,H,H,-,A,H,H,H,H,H,H,H,H,H,H,-,H,A,A,A
9.05408,9.46467,1,32.83805,-,A,A,A,A,A,A,H,H,H,H,H,A,-,H,H,H,-,H,-,H,H,H,H,-,H,H,A,A,H,H,H,H,-,A,H,H,H,H,-,A,A,H,-,H,A,H,H,A,A,A,A,H,H,A,A,H,A,-,A,A,H,H,H,-,H,A,A,A,-,A,-,A,A,A,-,H,A,H,H,H,H,A,H,H,H,A,A,A,A,A
3.38459,1.6552,0,17.49387,H,-,H,-,A,A,H,-,A,-,A,A,A,A,A,A,A,A,A,A,A,A,-,A,A,A,A,A,A,A,A,A,A,A,H,H,H,A,A,A,A,A,A,A,-,-,A,A,A,A,A,A,-,A,A,H,A,A,A,-,A,A,-,A,A,A,A,A,A,A,A,H,A,A,-,H,H,A,A,-,A,A,A,A,H,H,H,A,A,H,-
7.53829,5.15594,0,33.46029,A,A,A,A,A,A,A,A,A,-,-,H,H,H,H,A,A,A,-,A,A,A,A,-,A,A,A,A,A,A,A,A,A,A,A,A,A,H,A,A,A,H,H,-,H,H,H,H,H,H,H,H,H,H,H,H,H,A,A,A,-,H,H,H,H,-,H,-,H,H,H,H,A,A,-,H,A,H,H,H,H,H,A,A,A,A,A,-,H,H,-
7.55164,9.3321,1,34.39485,A,A,H,H,H,-,H,A,A,H,H,H,A,-,A,H,H,H,H,A,-,A,-,A,A,A,-,A,A,H,H,H,H,H,A,A,A,A,H,H,H,H,H,H,H,H,H,A,A,A,A,A,A,A,A,A,A,-,A,A,A,A,A,A,A,A,A,A,A,A,A,A,H,H,H,H,-,A,A,A,A,A,-,H,H,H,H,H,-,H,H
6.55833,4.60815,1,10.30052,A,A,A,H,H,A,A,-,A,A,-,A,H,-,A,A,A,A,A,-,H,H,H,H,H,-,H,H,H,H,H,H,H,H,H,H,H,-,A,-,A,H,A,A,A,A,H,H,H,H,H,H,A,A,A,A,H,H,H,H,H,H,-,H,H,H,H,H,H,H,H,H,A,A,H,H,A,-,H,H,H,H,A,A,H,H,H,H,A,A,A
6.91195,10.05212,1,25.29251,H,H,H,H,H,H,H,A,A,H,H,-,H,H,H,A,A,A,A,H,H,H,H,H,H,H,-,H,H,A,H,H,H,H,A,A,A,A,A,A,A,H,H,-,H,-,H,H,-,A,H,H,H,H,A,A,H,H,H,H,H,A,A,-,A,A,A,A,A,A,A,A,A,H,A,H,H,H,-,H,H,A,A,A,A,A,A,A,-,H,H
8.52235,6.56602,1,22.08516,A,A,A,A,A,A,A,H,H,-,H,H,H,H,-,H,H,H,H,-,H,H,H,H,H,H,-,H,-,A,A,A,A,A,A,A,A,A,A,A,A,A,A,A,A,A,A,A,H,-,H,H,A,A,A,A,H,H,H,H,H,A,-,-,A,A,A,A,A,A,A,A,H,H,H,H,H,A,-,-,H,A,A,A,A,A,A,A,H,H,H
6.37971,6.04541,0,27.54743,A,A,A,-,A,A,A,A,A,H,H,A,A,A,H,A,A,A,A,H,H,H,H,H,H,H,H,H,H,H,H,H,H,H,-,H,H,H,A,A,A,A,A,A,-,A,A,A,H,H,H,H,-,H,H,H,H,H,H,H,H,-,H,H,H,H,-,H,H,H,H,-,A,-,A,A,A,A,-,A,A,A,H,H,H,H,H,H,-,A,A
6.12092,4.29119,1,21.75199,H,H,H,H,H,A,H,A,A,A,A,H,H,H,H,A,A,A,A,H,H,H,H,H,H,-,H,H,H,H,H,H,H,H,H,H,H,H,H,H,H,H,A,A,A,A,-,A,A,A,A,A,A,A,A,H,H,H,H,H,H,A,A,A,A,A,A,A,A,A,A,A,A,A,A,A,A,A,A,A,A,-,A,A,A,A,H,H,A,A,A
7.94869,7.39717,1,38.82769,H,-,H,H,A,A,A,H,H,H,H,A,A,A,A,H,H,H,A,A,A,A,H,H,H,H,H,-,H,H,H,H,H,H,A,A,A,A,H,H,H,H,A,A,A,H,H,H,A,A,A,A,H,H,A,A,A,A,A,A,A,A,A,A,A,A,A,A,A,A,A,A,A,A,A,-,H,-,A,A,A,A,H,H,-,-,H,-,A,A,A
7.38066,6.71262,1,26.65907,A,A,-,A,A,-,H,H,H,A,A,A,H,H,H,A,A,A,A,H,H,H,H,H,H,-,H,H,H,A,A,A,A,A,H,H,A,A,A,A,A,H,H,H,H,H,H,A,H,A,A,H,A,A,-,-,H,H,H,H,H,A,A,A,A,A,A,A,A,-,H,H,H,H,H,H,H,H,A,A,A,-,-,H,A,A,H,H,A,H,H
4.90208,4.55169,0,20.44989,H,H,H,H,-,A,A,H,H,H,H,H,H,H,H,H,H,H,H,H,H,H,H,H,H,H,H,A,A,A,A,A,H,H,A,-,A,H,H,H,H,H,-,A,A,A,A,A,A,A,H,H,-,A,A,A,H,H,-,H,H,A,A,A,A,A,A,A,A,A,A,A,H,A,A,H,H,H,-,H,-,H,H,H,H,H,A,A,A,H,H
7.8792,6.95869,1,29.12962,-,H,H,H,H,H,H,H,H,H,A,-,A,A,H,H,H,A,A,-,H,H,H,H,-,H,H,-,H,A,A,A,A,H,A,A,A,-,H,H,H,A,A,A,A,A,A,A,A,A,H,H,H,H,H,H,H,H,H,H,H,H,H,H,-,-,H,H,H,H,-,H,-,A,A,H,H,H,A,A,A,A,H,H,H,H,H,H,A,A,A
7.29432,6.11452,1,23.866,A,A,A,A,A,A,H,H,H,H,H,-,H,H,H,A,A,A,H,A,A,A,A,A,A,A,H,H,H,H,H,H,H,A,H,-,H,H,A,A,A,A,A,A,A,A,A,A,A,A,H,H,A,A,A,A,-,A,A,A,A,-,H,H,H,H,A,A,A,A,A,A,H,H,H,A,A,A,A,-,-,A,-,A,A,A,H,H,-,A,H
4.96878,5.57864,1,10.43549,-,A,A,H,H,H,H,H,H,A,A,A,A,-,A,A,A,A,A,H,H,H,-,H,H,-,H,H,-,H,H,A,H,H,H,H,H,H,-,H,H,A,H,H,H,H,H,H,H,H,A,A,H,-,H,H,A,A,A,A,A,H,H,H,H,H,-,H,H,H,A,A,-,A,A,A,H,A,H,H,-,H,H,H,H,H,H,-,A,A,-
7.25979,4.99162,1,31.65723,H,A,A,A,A,A,A,A,A,H,H,H,-,H,H,A,A,H,H,A,A,A,A,A,A,A,A,A,H,H,-,-,H,-,H,H,A,A,A,-,H,H,H,H,H,A,A,H,A,A,A,A,A,H,H,H,A,A,A,H,H,A,A,A,H,H,H,H,H,H,H,H,H,A,-,H,H,H,A,A,A,-,H,H,H,-,A,A,A,A,A
7.06103,6.19406,0,30.45952,A,A,A,-,H,A,H,-,H,H,A,A,A,A,A,-,H,A,A,H,H,-,H,-,H,H,H,H,A,A,A,A,A,A,H,H,H,H,A,A,H,H,-,-,H,H,H,H,-,H,H,H,H,-,-,A,A,A,A,H,H,H,H,H,H,H,H,H,H,H,H,H,-,A,A,A,A,A,A,A,H,A,-,A,A,A,H,H,A,H,H
6.22521,6.26327,1,21.69215,A,-,H,H,H,H,A,-,-,-,H,H,H,H,H,A,A,A,A,A,A,A,A,A,A,A,A,A,A,H,H,H,H,-,A,A,A,A,H,H,H,H,H,H,H,H,H,-,H,H,A,A,A,-,H,H,H,A,-,-,H,-,H,H,H,H,H,H,H,H,H,H,-,A,A,A,A,A,H,H,H,H,H,H,H,H,H,H,A,-,A
2.65302,3.71029,0,13.5494,A,A,A,A,-,A,A,H,H,A,A,A,A,A,A,H,-,H,-,H,H,H,H,H,A,A,A,A,A,A,A,A,H,H,H,H,A,A,A,-,A,A,A,A,A,A,H,H,H,-,H,-,H,-,H,H,A,A,H,-,A,H,H,H,H,H,A,-,A,A,A,H,A,A,A,H,H,H,H,H,A,A,H,-,H,H,A,A,H,H,H
7.15409,7.29829,1,31.12,H,A,A,A,A,A,A,-,H,H,H,H,-,A,A,A,H,H,H,A,A,A,A,A,A,A,H,-,H,A,H,A,A,A,A,A,H,H,A,A,A,H,A,A,A,A,A,H,A,A,A,H,A,A,-,A,-,H,H,H,H,H,H,H,H,H,H,H,H,H,H,H,A,A,A,H,H,H,A,A,-,A,H,H,H,H,H,-,A,A,-
3.97536,3.07008,0,11.4604,A,A,A,A,A,H,H,H,A,A,A,A,A,H,A,A,A,A,A,A,A,-,A,A,-,A,A,A,-,H,H,H,H,H,H,A,A,A,A,A,A,H,H,H,-,H,H,H,H,H,H,A,A,A,A,A,A,A,A,A,A,A,A,A,A,A,H,H,H,H,H,H,H,H,H,-,A,-,H,H,A,A,A,-,A,A,H,H,H,H,-
6.85114,8.57233,1,36.49185,H,H,H,H,H,H,A,-,A,A,A,A,A,A,A,-,-,A,H,A,A,A,A,-,A,-,A,-,A,H,H,H,H,H,H,H,H,-,H,H,H,H,H,H,H,H,H,H,H,H,H,-,-,-,A,-,H,-,H,H,A,A,A,A,A,A,A,A,A,A,A,H,H,A,A,A,A,A,A,A,A,H,A,A,A,A,A,A,A,H,H
6.83624,7.6228,1,32.45228,A,A,A,A,A,A,A,H,A,A,A,A,-,A,A,H,A,A,A,A,A,A,A,A,A,A,A,A,A,H,A,A,A,A,A,H,A,A,A,A,A,H,-,H,H,H,A,-,A,A,A,A,H,H,H,A,-,-,H,H,H,-,A,A,A,A,A,A,A,A,A,A,A,A,A,A,A,A,H,-,H,H,A,A,A,H,A,A,H,H,H
4.27739,3.07733,0,10.52187,A,-,A,A,A,A,A,A,A,A,-,A,A,A,A,H,H,H,H,A,A,A,A,A,A,A,A,A,A,H,-,H,H,H,A,-,A,A,A,-,A,A,H,H,H,A,A,A,H,H,H,A,A,A,A,A,A,-,A,A,A,A,A,A,A,A,-,A,A,H,H,H,A,-,H,H,H,H,A,A,A,A,H,H,A,A,H,H,A,H,H
7.02015,6.82287,1,24.95989,H,H,A,H,H,H,A,-,A,A,A,A,-,A,A,H,H,H,H,H,-,-,H,H,H,H,-,H,H,H,H,A,A,A,A,-,H,H,H,H,H,A,H,H,H,H,H,H,A,H,H,H,H,-,A,A,H,H,-,H,H,H,H,H,-,H,H,H,H,-,H,H,-,H,H,A,-,A,A,H,H,H,A,A,A,A,H,H,A,A,A
8.45674,6.74068,1,36.06465,A,A,A,A,A,A,A,A,H,H,H,-,A,A,H,A,A,A,-,A,A,A,A,A,A,A,A,A,H,-,H,H,H,H,-,H,H,H,-,H,A,A,A,A,A,H,H,H,A,A,H,-,A,A,A,A,A,A,A,A,A,H,H,-,H,H,H,H,H,H,H,H,H,H,A,H,A,A,H,H,H,H,-,H,H,H,H,A,A,A,A
9.59173,9.12585,1,30.84718,A,A,A,H,H,H,A,H,H,H,H,-,H,H,H,A,A,A,A,A,A,A,A,A,A,A,A,A,A,A,A,A,A,A,A,A,H,A,-,H,H,H,A,A,-,A,H,H,H,H,H,H,A,A,A,A,H,H,-,-,H,A,A,-,A,A,A,A,-,A,A,A,-,A,A,A,H,H,A,A,A,A,H,H,H,H,A,A,H,H,H
2.7359,4.07923,0,18.01459,A,H,H,A,A,A,A,H,H,H,-,H,H,H,-,H,H,H,H,A,-,A,A,A,A,A,H,H,H,H,H,H,H,A,-,H,H,H,H,H,H,H,H,H,H,H,-,H,A,A,A,A,H,H,H,H,A,A,A,A,A,H,H,H,H,H,H,H,H,A,A,A,H,-,A,H,H,H,A,A,A,A,H,H,H,H,A,A,A,A,A
5.81945,6.54439,0,30.78533,H,H,H,H,H,H,-,A,-,A,A,A,A,A,A,A,A,A,-,A,A,A,A,-,A,A,A,A,A,A,A,-,A,A,H,H,H,H,H,H,-,H,H,H,H,H,-,H,H,H,H,H,H,A,-,A,A,A,A,A,A,H,H,H,H,H,H,H,-,H,-,H,H,H,H,A,H,H,-,A,A,A,H,H,A,A,A,A,H,H,H
7.0052,8.19288,0,33.21883,-,H,H,H,H,H,H,H,H,H,H,H,H,H,H,A,A,A,-,-,A,A,A,A,-,A,A,-,-,H,A,H,H,H,A,A,A,A,H,H,H,H,H,H,-,A,A,A,H,H,H,A,A,A,A,A,-,H,H,H,H,A,-,A,A,A,A,A,A,A,A,A,-,H,A,A,A,A,A,-,A,A,H,A,A,A,A,A,A,A,H
7.30155,5.9264,1,33.4374,H,-,H,H,H,H,H,A,H,A,A,H,H,A,A,H,H,H,-,A,A,A,A,A,A,A,A,A,-,H,H,H,-,A,H,H,A,A,A,A,A,A,A,A,A,A,A,A,A,A,A,A,A,A,H,H,A,A,A,A,H,A,A,A,A,A,A,A,A,A,-,A,H,H,H,A,A,A,H,H,H,H,A,H,H,H,-,A,A,A,H
10.52168,8.66859,1,37.11219,A,A,A,H,H,A,A,A,H,H,H,H,H,H,H,H,H,H,H,A,A,A,A,A,A,A,A,A,H,H,H,H,H,A,-,A,H,H,H,H,H,H,H,-,H,H,H,H,A,A,A,-,H,H,H,H,H,H,H,-,H,A,A,A,H,H,H,-,H,-,H,H,H,H,H,A,A,A,-,H,H,H,H,H,H,-,A,A,A,A,H
6.17841,6.62225,1,25.60283,A,A,A,-,-,-,H,H,H,H,H,H,A,A,A,A,-,A,A,A,A,A,A,A,A,A,A,A,H,A,A,A,A,A,A,A,A,-,H,H,H,A,A,A,A,A,A,A,A,A,A,A,-,H,H,A,A,A,A,A,H,H,H,H,H,H,H,H,H,H,H,H,H,H,H,-,A,A,A,-,H,H,H,H,A,A,A,A,A,A,A
8.98464,6.6239,1,21.04796,-,H,H,H,H,H,-,A,H,-,H,H,H,H,H,A,A,A,H,A,A,A,A,A,H,-,H,H,H,H,H,-,H,H,A,-,A,A,A,A,A,A,A,A,A,-,A,A,H,-,H,H,A,A,-,A,H,H,H,H,H,-,H,H,H,H,H,H,H,H,H,H,H,A,A,A,H,-,H,H,H,H,H,H,H,H,A,A,H,H,H
6.69028,4.3296,1,20.05678,-,H,H,H,-,H,H,A,A,A,A,-,-,A,A,H,-,H,A,A,A,A,A,A,A,A,A,A,H,A,A,A,A,A,-,H,H,H,A,A,A,A,H,H,H,H,H,H,A,A,A,A,A,-,-,A,A,H,-,A,H,A,A,A,A,A,A,A,A,A,A,A,H,H,H,A,A,-,H,A,A,A,H,H,H,H,H,H,A,A,A
7.54683,7.33318,0,39.05117,A,A,A,A,A,A,H,A,A,H,H,-,H,H,H,A,A,H,H,H,H,-,-,H,H,H,H,-,H,H,H,H,H,H,A,A,A,A,H,H,H,H,-,-,H,H,H,H,-,H,H,H,H,A,A,A,A,A,A,H,H,H,H,H,-,H,H,H,H,H,H,A,A,A,A,A,A,H,-,H,A,A,A,A,A,A,A,H,-,H,H
7.90101,6.08574,0,34.1585,A,A,-,-,A,A,-,H,H,H,H,H,H,H,-,A,-,A,H,H,H,H,H,H,H,H,H,H,H,A,H,H,H,H,H,H,-,H,H,H,H,-,A,A,A,A,A,A,H,H,H,H,A,-,A,A,H,H,H,H,-,A,A,A,A,A,A,A,A,A,A,-,A,H,H,H,H,-,A,A,A,A,A,A,A,A,A,A,H,A,A
4.16936,6.67696,1,11.15285,A,A,A,A,A,A,A,H,H,H,A,A,A,A,H,-,A,A,H,H,H,-,H,H,H,-,H,H,H,A,H,H,H,H,-,A,A,A,A,H,A,H,H,H,H,H,H,H,A,A,A,A,A,A,A,A,H,H,-,H,H,A,A,A,A,A,A,A,A,A,A,A,A,A,A,A,A,A,H,-,H,H,A,A,A,A,-,H,A,A,A
7.68814,7.83185,0,35.90631,H,H,H,H,H,A,A,A,A,A,A,A,A,A,H,A,A,-,H,H,H,-,H,H,H,H,H,H,H,H,H,H,H,H,A,A,A,A,-,H,H,H,H,H,H,H,H,-,H,H,H,A,A,-,A,A,H,A,A,A,A,H,H,H,H,H,H,H,H,H,H,H,H,H,H,A,A,A,H,H,H,H,A,A,A,A,H,A,H,H,A
2.3461,3.70677,0,17.67833,H,H,H,H,H,H,-,A,-,A,A,A,H,H,H,A,A,A,A,A,A,A,A,A,A,A,A,A,-,A,A,-,A,H,A,A,A,A,A,H,-,H,-,A,A,A,A,A,A,A,A,A,H,H,H,H,H,-,H,H,H,A,A,A,A,A,A,A,A,A,A,A,A,A,A,-,A,A,A,A,H,A,H,H,-,H,H,H,H,A,A
5.98286,5.88385,1,15.18625,A,-,A,A,-,A,A,H,H,H,H,-,H,H,H,A,A,A,A,A,A,A,A,-,A,A,A,A,A,A,A,H,H,H,A,A,A,A,A,A,A,A,A,A,A,A,A,A,A,A,A,A,-,A,A,A,A,A,A,A,A,H,-,H,H,H,H,H,H,H,H,H,H,H,H,H,-,H,H,H,H,H,H,A,A,A,-,A,H,H,A
8.50058,7.56356,1,35.73687,-,A,A,A,A,A,A,H,H,H,H,A,-,H,H,A,A,A,A,A,A,A,A,A,A,-,A,-,A,H,A,A,H,H,H,H,H,H,H,H,H,H,H,H,H,H,H,-,A,A,A,H,A,-,H,-,H,H,H,H,A,H,H,H,H,H,H,H,H,H,H,H,H,H,-,H,H,-,H,H,H,A,-,A,A,A,A,H,A,A,A
8.7349,6.50946,1,28.41945,H,H,H,H,H,H,H,H,H,H,H,H,A,A,A,A,A,-,H,A,A,A,A,A,A,A,A,A,H,H,H,H,H,H,H,A,A,A,-,H,-,-,A,A,-,A,-,A,A,H,H,H,H,H,H,H,A,A,A,A,H,H,H,H,H,H,H,H,H,H,H,-,H,H,H,A,A,A,A,A,A,H,A,H,-,H,H,A,H,H,H
6.8887,3.42992,0,17.89196,A,A,A,H,H,A,A,H,H,H,H,H,H,H,H,H,H,H,H,A,A,A,A,A,A,A,A,A,-,A,-,H,H,H,A,A,A,A,H,A,A,A,A,A,A,A,H,H,A,H,H,A,H,-,H,H,A,H,H,H,H,A,A,A,A,A,A,A,A,A,A,A,A,A,-,H,H,H,H,A,A,H,A,A,A,A,A,A,-,A,A
5.53354,4.49912,0,24.03445,H,A,-,H,H,H,H,H,H,A,A,A,H,H,H,A,A,A,A,A,A,A,A,A,A,-,A,H,H,H,H,H,H,H,H,H,H,H,A,H,H,H,A,A,-,A,A,H,A,A,A,A,A,A,A,A,A,-,A,A,A,-,H,H,H,H,H,-,H,H,H,-,H,H,H,H,H,H,A,A,A,A,-,-,H,H,-,H,A,A,H
5.906,6.34453,1,21.78453,H,H,-,H,H,-,H,H,H,H,H,H,H,H,A,A,A,-,H,A,A,A,-,A,A,A,A,A,A,H,-,H,H,H,A,A,A,A,H,H,H,H,H,H,H,A,A,H,A,A,A,A,A,A,A,A,H,A,-,A,A,A,A,A,A,A,A,-,A,A,A,A,H,A,-,A,A,A,H,H,H,H,-,H,H,H,-,H,-,H,H
8.05385,8.58459,1,38.3837,A,A,-,A,A,H,H,A,A,A,A,H,A,-,A,-,H,A,A,H,H,H,H,H,H,H,H,H,H,H,H,H,H,H,H,A,-,-,A,A,A,-,H,H,-,H,H,H,A,A,A,A,A,A,A,A,A,A,A,A,-,A,A,A,A,A,A,-,A,A,A,A,A,A,A,H,H,H,H,H,H,A,H,H,A,A,A,A,H,A,A
6.27512,4.88629,1,21.30409,A,H,H,H,A,A,H,H,H,H,H,H,A,A,-,H,H,H,H,A,A,A,A,-,A,A,A,A,A,H,H,H,H,-,H,H,H,H,A,A,A,-,A,A,A,A,A,A,A,A,A,A,H,H,H,H,A,A,A,A,H,A,A,A,A,A,A,A,A,-,A,A,A,A,-,H,H,H,H,-,H,A,A,A,A,A,A,A,-,H,A
5.92504,6.28572,1,24.18327,H,H,H,A,A,A,A,A,A,A,A,H,A,A,-,A,A,A,A,H,H,H,H,H,H,H,H,-,H,A,A,A,A,A,H,-,H,H,H,H,H,A,A,A,A,-,A,A,A,A,A,A,H,H,A,A,H,-,H,A,H,A,A,A,A,A,A,A,A,A,A,A,H,H,A,H,H,H,A,-,A,A,A,-,A,A,H,H,A,A,H
7.70521,9.17512,1,33.70534,A,A,A,A,A,H,H,A,H,H,H,H,A,A,A,-,-,H,A,-,H,H,H,H,H,H,H,H,-,H,H,-,H,H,H,A,A,A,H,H,H,H,A,-,A,H,H,H,H,-,A,A,A,A,A,A,-,H,-,A,A,A,A,A,-,A,A,A,A,A,A,A,H,H,H,A,A,A,A,A,A,A,H,H,H,A,H,H,H,H,H
4.91676,5.90371,0,18.93116,H,H,-,A,A,-,H,A,-,H,H,-,A,A,-,A,A,-,A,H,H,H,H,-,H,H,H,H,A,A,A,A,A,A,A,A,A,H,H,A,A,H,H,H,H,H,H,H,A,H,H,-,H,-,A,A,H,H,H,H,H,A,-,A,A,A,A,-,A,A,A,A,H,H,H,H,H,H,H,H,H,H,A,-,A,A,-,H,H,-,H
3.79275,4.3065,0,12.37402,A,A,A,A,A,A,A,A,-,H,H,A,-,H,A,A,A,A,A,H,H,H,H,H,H,H,H,H,-,A,H,H,H,H,A,A,A,A,A,A,A,H,H,H,H,H,H,H,H,H,H,-,H,-,H,H,A,H,H,H,A,A,A,A,A,A,A,-,A,A,-,A,A,A,H,H,H,H,H,H,H,A,H,A,A,A,A,-,-,A,-
6.50489,6.01203,0,28.0543,A,A,A,A,A,A,-,A,-,A,-,A,H,H,H,A,A,A,A,A,A,A,A,A,A,A,A,A,A,H,H,H,H,H,-,A,-,A,-,A,A,A,H,H,H,A,A,A,H,H,H,H,A,-,H,H,A,A,A,A,A,H,H,H,H,H,H,H,H,H,H,H,H,H,H,H,H,A,A,A,A,A,A,A,A,A,-,H,H,H,H
7.68623,6.56766,1,17.03013,H,A,A,A,A,A,A,H,H,H,H,H,H,H,-,A,A,A,H,H,-,H,H,H,H,H,H,H,H,H,H,H,-,-,H,H,A,A,A,A,A,A,-,A,A,-,-,A,-,A,A,A,A,A,A,-,A,A,A,A,A,H,H,H,H,H,-,H,H,H,H,H,A,-,A,H,A,A,A,A,A,A,A,A,A,A,A,A,A,H,H
5.41497,5.10621,0,17.69664,H,-,H,H,H,H,H,H,H,H,H,A,H,-,H,A,H,H,-,A,A,A,A,H,H,H,H,H,-,H,H,H,H,H,A,H,H,H,A,A,A,H,H,H,H,H,H,H,-,H,A,A,A,A,A,A,A,H,H,H,H,A,A,A,A,A,A,A,A,-,A,A,-,A,A,A,A,A,A,A,A,A,H,H,H,H,H,A,A,A,A
6.09864,9.42786,1,21.46064,A,A,A,A,A,A,A,A,A,A,A,A,-,H,H,H,H,A,A,H,H,H,H,-,H,A,A,A,A,A,-,A,A,A,A,A,A,A,H,H,H,H,H,H,H,H,H,H,H,H,H,H,A,A,A,A,A,A,A,A,A,A,A,-,A,A,A,A,A,A,A,A,A,A,A,H,H,A,A,A,A,H,A,A,A,A,A,A,H,H,H
1.62057,1.12249,0,10.20187,A,A,-,A,-,A,A,A,A,A,A,A,A,H,H,A,A,H,-,A,A,A,A,A,A,A,A,A,A,A,A,A,A,H,H,-,A,H,H,H,H,H,H,H,H,H,-,A,-,H,H,H,A,A,A,A,H,H,-,-,A,H,H,H,H,H,H,H,H,H,H,H,A,A,A,A,-,A,H,H,H,A,H,H,H,H,H,H,A,A,A
7.78364,4.75222,0,22.61402,H,H,H,H,A,H,H,A,H,A,A,H,A,A,A,-,H,H,H,-,-,A,A,A,A,A,A,A,A,H,H,H,H,A,H,H,A,-,A,A,-,A,-,-,A,A,A,A,H,H,H,A,H,-,H,H,A,A,A,-,-,-,A,A,A,A,A,A,A,A,A,A,H,H,H,A,-,A,A,H,H,H,A,A,-,A,A,A,A,A,H
9.61211,6.99347,0,35.17515,H,H,H,H,H,H,H,H,H,H,H,H,H,H,-,A,A,A,H,H,H,H,H,H,H,H,H,H,-,A,A,A,A,-,A,A,A,A,H,H,H,H,H,H,H,H,H,H,H,A,H,A,A,A,A,A,-,H,H,-,A,A,A,A,-,A,-,A,A,A,A,A,A,A,A,H,H,H,H,H,H,H,A,A,A,-,H,H,A,A,A
5.13018,2.45337,1,11.08534,H,H,H,H,H,H,H,A,A,A,A,-,A,A,A,H,H,H,H,A,A,A,-,A,A,A,A,A,H,-,-,H,H,H,A,A,-,H,H,H,H,H,A,-,A,A,A,H,H,-,A,A,H,H,H,H,H,A,H,H,A,A,-,A,H,H,H,-,H,H,H,-,-,A,A,H,H,H,H,H,H,H,-,H,H,H,H,H,A,A,A
6.19567,4.94883,1,21.86601,H,H,H,H,H,H,H,A,-,A,A,-,A,-,H,A,A,H,H,A,A,A,A,A,A,A,-,H,H,-,H,A,A,-,H,H,-,H,-,A,A,A,H,H,H,H,H,H,A,-,A,A,H,H,H,H,A,H,H,H,H,H,H,H,H,H,H,H,H,H,H,H,H,H,H,H,H,H,A,A,A,A,H,H,H,H,H,H,A,A,A
7.76941,8.79662,1,13.38487,A,A,A,A,A,H,A,H,H,H,H,H,A,-,A,H,A,A,-,H,H,H,H,H,H,-,A,A,A,H,H,A,A,A,A,A,A,-,H,A,A,A,A,A,H,-,H,H,H,H,H,H,A,A,H,A,H,H,-,H,H,A,-,A,A,A,A,A,A,A,A,A,H,H,H,A,-,H,A,A,A,A,A,H,-,H,A,A,H,A,A
7.02682,7.68977,1,15.83777,H,H,-,H,H,H,-,H,H,A,A,A,A,H,H,A,H,H,H,-,H,H,H,H,H,H,-,H,A,-,H,H,H,H,-,A,A,A,H,H,H,H,A,A,A,H,H,-,H,H,H,H,-,H,H,-,H,H,H,H,H,H,H,H,-,H,H,H,H,H,H,H,A,A,-,A,A,H,H,H,H,H,H,H,H,H,H,H,H,H,-
8.44686,8.70058,1,24.83697,A,A,A,H,H,H,A,-,H,H,H,A,H,H,H,A,A,A,H,H,H,H,-,H,H,H,-,A,A,A,H,-,A,A,A,A,A,A,H,H,H,A,A,A,A,A,A,A,-,H,H,H,A,A,H,H,H,H,H,H,H,A,A,A,-,A,-,A,H,H,H,H,A,A,H,-,H,-,A,A,H,-,H,H,H,-,A,A,H,H,-
5.19403,3.27739,0,16.75884,A,-,A,H,-,H,H,H,H,H,H,H,A,H,H,H,-,H,H,A,A,A,A,A,A,A,A,A,H,-,A,A,A,A,H,H,H,H,H,H,-,H,H,H,H,H,H,H,-,H,A,H,-,A,H,H,A,A,A,H,H,A,A,A,A,A,A,A,A,A,A,A,H,H,H,A,A,H,A,A,A,A,A,A,A,A,A,A,A,A,A
5.22886,4.37489,0,30.50413,H,A,A,A,A,A,A,H,H,H,H,A,H,H,H,A,A,A,A,A,-,A,A,H,H,-,H,H,-,H,H,H,H,H,A,H,H,H,-,A,A,A,H,H,H,A,A,A,A,A,A,H,A,A,A,A,H,H,H,H,-,H,-,H,H,H,-,H,H,H,H,H,H,H,H,A,-,A,A,A,A,A,H,-,H,H,A,A,A,H,H
6.10236,6.64406,0,34.82502,H,H,H,H,H,H,H,-,-,A,A,A,A,-,A,A,A,A,A,A,A,A,A,-,A,A,A,A,A,H,-,A,A,A,H,H,H,H,H,A,A,A,H,H,H,H,A,A,A,A,A,A,-,A,A,A,-,H,H,H,H,H,H,H,H,H,H,H,H,H,H,H,A,A,A,H,H,H,H,H,H,A,H,H,H,H,H,H,H,-,A
5.21275,4.2998,0,16.31423,H,-,H,A,H,H,A,H,H,H,H,H,A,A,A,A,H,H,H,H,H,H,H,H,H,-,H,H,H,H,H,H,A,H,H,H,-,-,H,H,H,-,A,A,A,-,A,A,A,A,H,A,H,H,H,-,H,A,A,A,A,A,A,A,A,A,A,A,A,A,H,H,H,H,-,A,H,A,H,-,-,H,H,H,H,H,H,-,H,H,H
3.36919,2.94403,0,13.84211,A,A,A,A,-,H,A,A,A,A,H,H,A,H,-,A,A,A,A,A,A,A,A,-,A,A,A,A,A,H,-,H,H,H,A,A,A,A,A,H,H,A,-,A,A,A,A,-,H,H,H,H,-,H,H,H,H,-,H,H,H,A,A,-,A,A,A,-,A,A,A,A,H,H,A,H,H,H,A,A,A,A,H,H,H,H,-,H,H,H,H
6.90947,7.59747,1,28.84821,A,A,A,-,A,A,A,A,A,A,A,H,A,A,-,A,A,A,-,H,-,-,H,H,H,H,H,H,H,A,A,A,A,A,A,A,A,A,H,H,H,H,A,A,A,A,A,A,H,H,-,-,A,H,H,H,A,H,H,H,H,A,A,A,A,A,A,A,A,A,A,A,A,A,A,H,H,H,A,A,A,H,H,H,H,H,A,A,H,H,H
6.89721,5.83523,0,22.45319,-,-,H,H,H,H,-,-,H,H,H,H,-,-,-,H,-,A,A,H,H,H,H,H,H,H,H,H,H,H,H,-,H,H,A,A,A,A,H,H,H,H,H,H,H,-,H,-,A,A,-,H,H,A,A,H,A,A,A,A,-,A,A,A,A,A,-,A,-,A,A,A,A,-,H,H,H,H,A,A,A,A,A,A,A,A,A,H,H,A,H
6.0154,6.25737,0,15.69777,-,-,A,A,A,A,A,A,-,A,A,A,A,-,-,-,H,H,A,-,H,H,H,H,H,H,H,A,A,H,-,-,H,H,H,A,A,A,H,H,H,-,H,H,-,-,H,-,H,H,H,H,H,H,H,A,A,A,A,A,-,A,A,A,A,A,-,A,-,A,A,A,A,-,H,H,A,A,A,A,A,H,A,A,A,A,A,-,A,A,A
6.88759,3.18478,1,11.49444,-,-,H,H,H,H,H,-,-,A,A,A,-,-,-,A,A,A,A,A,A,A,A,A,A,A,A,A,H,A,H,-,H,H,H,H,H,H,H,H,H,H,A,A,-,-,A,-,H,H,H,H,H,H,A,A,H,H,H,H,-,A,A,A,A,A,A,A,-,H,H,H,H,-,A,A,A,H,A,A,A,A,A,H,H,H,H,H,H,H,H
8.20921,6.63448,1,20.09915,-,-,H,H,H,A,A,H,H,H,H,A,A,-,-,A,A,A,A,A,A,A,A,A,-,A,A,A,A,H,H,-,H,H,-,H,H,H,A,A,A,A,A,A,A,-,-,-,H,H,H,H,H,H,H,H,A,A,A,A,-,H,H,H,H,H,H,H,-,H,H,A,A,-,A,H,H,-,H,H,H,H,H,H,H,H,A,A,A,H,-
6.91696,8.31995,1,30.58401,-,-,A,A,A,H,H,H,A,A,A,H,A,-,-,H,H,H,H,-,H,-,H,H,H,-,A,H,H,H,H,-,-,H,H,H,H,H,A,A,A,A,H,H,H,-,H,-,H,A,A,A,H,H,H,-,A,A,A,A,-,A,-,A,A,A,A,A,-,A,A,A,H,-,H,A,A,H,H,H,H,-,A,A,H,H,H,H,-,H,H
7.04662,5.13034,0,28.24584,-,-,A,A,A,A,A,A,A,A,A,-,A,-,-,H,H,H,H,A,A,A,-,A,H,-,H,H,H,-,A,-,A,A,A,A,H,H,H,A,A,A,H,H,-,-,H,-,H,A,A,A,A,H,H,-,A,A,A,H,-,A,A,-,A,A,A,A,-,A,A,A,H,-,H,A,A,-,A,A,-,A,-,-,A,A,A,A,A,A,A
4.57964,3.27213,0,21.14379,-,-,H,H,H,H,H,A,A,H,-,-,H,-,-,H,H,H,H,A,A,A,-,A,A,-,-,A,A,A,H,-,H,H,A,-,A,H,A,A,A,-,H,H,H,-,H,-,A,A,H,H,A,A,A,H,H,H,H,H,-,H,H,H,H,H,H,H,-,A,A,-,H,-,-,A,-,H,A,A,A,A,H,H,H,H,A,H,A,-,A
5.7685,4.17757,1,18.46819,-,-,A,A,H,H,A,A,A,-,A,A,H,-,-,A,A,H,H,-,A,A,A,A,A,-,A,-,H,A,A,-,A,A,A,A,A,A,H,H,H,H,A,A,A,-,H,-,H,-,H,H,A,A,-,A,H,A,A,A,-,A,A,A,A,A,A,-,-,A,A,A,H,-,H,H,H,H,H,H,H,H,H,H,H,H,A,A,A,A,A
5.06785,4.99179,1,26.06894,-,-,A,A,A,A,A,H,-,A,H,H,A,-,-,A,A,A,A,A,A,A,A,A,A,A,A,A,A,A,A,-,A,A,H,A,-,A,A,A,A,A,A,H,H,-,H,-,A,A,H,H,A,H,H,H,A,H,H,H,-,H,-,H,H,H,H,H,-,H,H,H,A,-,A,-,H,H,A,A,A,A,-,H,H,-,-,A,H,H,H
6.82817,6.70075,1,35.13412,-,-,H,H,H,H,H,-,A,-,A,A,A,-,-,A,-,H,H,H,H,H,H,H,H,H,H,H,A,H,H,-,H,H,H,H,H,H,A,H,H,A,H,H,H,-,A,-,H,H,A,A,A,H,A,A,H,A,A,A,-,A,-,A,A,A,-,-,-,A,A,-,H,-,H,-,H,-,H,H,H,H,A,A,A,A,A,A,H,H,H
9.75668,12.73494,1,36.88166,-,-,H,H,H,A,A,-,H,H,H,A,H,-,-,A,A,A,A,H,H,H,H,H,H,H,H,H,A,H,H,-,A,A,A,A,A,A,A,A,A,A,A,A,A,-,A,-,H,H,H,H,A,A,H,H,H,A,A,A,-,H,H,A,A,A,-,A,-,A,A,A,A,-,H,A,A,H,A,A,-,H,-,A,A,A,A,A,H,H,A
6.4467,5.03216,0,17.33488,-,-,H,-,H,H,H,A,A,A,A,A,H,-,-,H,H,A,A,A,A,A,A,A,-,A,A,A,A,H,H,-,H,A,H,H,-,H,A,A,A,A,H,H,H,-,A,-,H,H,H,H,A,H,-,-,A,A,A,A,-,H,H,H,H,-,H,H,-,-,H,H,H,-,H,A,H,H,H,H,H,H,A,A,A,A,H,H,H,H,H
5.11034,3.13775,1,13.4375,-,-,A,A,-,H,H,H,A,A,A,A,A,-,-,A,A,H,H,A,A,A,A,A,A,A,A,H,H,H,H,-,H,H,H,H,H,H,-,H,-,H,-,H,-,-,H,-,A,A,A,-,A,A,A,A,H,H,H,A,-,H,H,H,H,H,H,-,-,H,H,H,A,-,H,H,H,H,H,H,-,H,-,A,-,A,A,A,A,A,-
5.55478,5.88404,0,39.43427,-,-,A,A,A,A,A,A,A,H,H,A,H,-,-,A,-,A,A,A,-,A,A,A,-,A,-,A,A,H,A,-,A,A,-,A,A,A,H,H,A,H,H,H,H,-,H,-,A,A,A,A,H,H,-,H,H,H,H,A,-,-,A,A,-,A,A,A,-,A,-,A,A,-,H,A,-,A,A,A,-,-,A,A,A,H,A,A,H,A,A
9.33344,8.46835,1,35.03032,-,-,H,H,H,H,H,A,H,A,A,H,-,-,-,A,A,-,A,H,H,H,H,-,H,H,H,H,H,A,A,-,A,-,A,A,A,H,H,H,H,H,H,H,H,-,-,-,A,A,A,A,H,-,H,H,A,-,A,A,-,H,H,H,H,H,H,H,-,H,H,H,H,-,H,H,H,A,H,H,H,A,A,A,A,A,H,H,-,A,A
2.68677,3.30619,0,12.885,-,-,A,A,A,A,H,H,H,H,H,H,A,-,-,H,A,A,A,A,A,A,A,A,A,A,A,A,A,H,H,-,H,H,A,A,A,A,A,H,H,H,H,H,H,-,H,-,-,H,H,H,H,H,H,H,A,A,A,H,-,-,A,A,-,A,A,A,-,A,A,A,A,-,H,A,-,A,H,H,H,H,A,A,A,A,H,H,A,A,A
5.66933,5.54301,0,23.27666,-,-,A,A,-,-,A,A,A,A,A,H,A,-,-,A,A,A,A,H,H,H,H,H,H,H,H,A,H,H,-,-,A,-,H,A,A,A,H,H,H,H,A,A,A,-,A,-,H,H,H,H,A,A,H,H,-,H,H,-,-,A,A,A,-,A,A,A,-,H,H,H,H,-,H,A,A,A,H,H,H,H,H,H,H,H,-,A,A,A,H
6.11209,5.96141,0,31.28701,-,-,A,A,A,A,H,A,H,-,A,H,-,-,-,-,H,H,H,A,A,A,A,-,A,A,A,H,H,H,H,-,H,H,A,H,H,H,-,H,H,H,A,A,A,-,A,-,A,A,-,-,-,H,H,H,A,A,A,A,-,H,-,H,H,H,H,H,-,H,H,-,H,-,H,H,-,H,A,A,A,A,A,A,-,A,H,H,H,H,H
4.78259,3.45526,0,13.86637,-,-,H,H,H,H,H,H,A,A,A,A,H,-,-,H,H,H,-,H,H,H,H,H,-,A,A,A,-,H,H,-,H,H,-,A,A,A,H,H,H,H,H,H,H,-,-,-,H,H,H,A,H,-,-,A,H,H,H,H,-,A,A,A,A,A,A,A,-,A,A,A,A,-,A,H,A,A,H,H,H,H,H,A,A,A,H,H,H,H,H
5.23496,5.75351,0,34.217,-,-,A,A,A,A,A,H,-,H,A,A,H,-,-,A,A,A,A,A,A,A,A,A,A,A,A,A,A,-,H,-,A,A,A,H,A,A,H,H,A,A,H,H,-,-,-,-,A,A,-,A,-,-,A,A,H,H,H,H,-,-,A,A,A,-,A,A,-,A,A,A,H,-,A,A,A,A,H,-,A,A,H,A,A,A,-,A,-,H,-
3.88288,3.55935,0,16.17545,-,-,H,A,A,A,A,H,H,H,H,-,H,-,-,A,-,A,H,A,A,A,A,A,A,A,A,A,A,H,H,-,H,H,H,-,H,H,H,H,H,H,H,A,A,-,A,-,H,H,H,A,H,H,A,A,H,-,H,H,-,H,H,H,H,H,H,H,-,H,-,H,A,-,A,A,A,A,-,H,H,H,H,H,H,A,A,A,A,H,A
5.09203,6.18142,1,15.81035,-,-,H,H,H,H,H,H,H,A,A,A,H,-,-,H,H,H,-,H,H,H,H,H,H,H,H,H,A,A,A,-,A,H,A,A,H,H,A,A,H,H,A,A,A,-,A,-,A,A,A,A,H,A,A,H,H,A,A,A,-,H,H,H,H,H,H,H,-,-,H,H,-,-,H,A,A,H,A,A,A,-,A,-,A,A,A,A,H,H,A
6.422,4.91051,0,31.02722,-,-,H,H,H,H,-,H,H,H,H,H,A,-,-,A,A,A,-,H,H,H,-,-,-,H,H,A,A,A,A,-,A,A,-,-,A,A,H,A,A,H,A,A,A,-,-,-,H,H,H,A,A,-,A,H,A,A,A,A,-,H,H,H,H,H,H,H,-,H,A,A,H,-,H,A,A,A,H,H,A,A,H,H,H,H,A,A,H,H,H
5.74571,7.2302,0,27.35381,-,-,A,-,A,A,-,A,H,H,H,H,A,-,-,-,A,A,A,H,H,H,H,H,H,H,H,A,A,A,H,-,A,A,H,H,H,H,A,A,A,H,-,-,H,-,H,-,H,H,H,H,A,A,A,A,H,A,A,H,-,H,H,H,-,H,H,H,-,H,H,A,H,-,H,H,H,H,A,A,A,A,A,-,-,A,H,A,A,A,A
7.56949,6.78648,0,38.33969,-,-,A,A,A,H,-,A,A,A,A,A,A,-,-,H,-,H,H,A,A,-,A,A,H,H,H,H,H,A,H,-,A,A,A,A,A,A,A,A,-,H,H,H,H,-,H,-,-,H,H,H,H,H,H,-,A,A,-,-,-,A,A,A,A,A,A,A,-,-,A,A,H,-,H,A,A,A,H,H,H,H,A,A,A,A,H,H,H,H,-
6.35194,8.47398,1,32.90853,-,-,H,H,H,H,H,A,A,A,-,H,H,-,-,A,A,A,A,H,-,-,H,H,H,H,H,A,A,A,H,-,H,A,A,A,-,-,H,H,H,A,A,A,A,-,A,-,-,H,H,A,H,H,H,H,H,H,H,-,-,H,-,H,H,H,-,H,-,H,H,-,-,-,H,H,H,A,H,H,-,H,A,A,A,A,H,H,A,A,A
3.94421,7.19555,0,23.86062,-,-,H,H,A,A,A,-,A,A,-,A,A,-,-,H,H,-,H,A,A,A,A,A,A,A,A,A,A,A,A,-,H,A,-,A,H,H,A,A,H,H,H,H,H,-,H,-,H,-,H,H,-,A,-,H,H,H,H,H,-,A,H,H,-,H,-,H,-,H,-,H,A,-,A,H,-,H,A,A,A,A,H,H,H,H,H,H,A,A,A
1.70148,2.32291,0,19.49052,-,-,H,H,H,H,H,-,A,H,H,H,H,-,-,A,A,-,A,H,H,A,A,A,A,A,A,A,A,A,A,-,A,A,H,-,H,H,-,H,H,A,H,H,H,-,H,-,H,-,H,H,H,H,H,A,H,A,A,A,-,H,H,H,H,H,H,H,-,H,H,H,H,-,H,A,A,A,H,H,H,H,H,H,H,H,H,A,A,A,A
5.0891,4.57944,0,16.80613,-,-,H,H,H,H,H,H,-,A,A,A,A,-,-,A,A,A,H,A,A,A,A,A,A,-,A,-,A,A,H,-,H,H,-,H,A,A,H,H,H,A,-,A,A,-,H,-,H,-,H,A,A,A,A,A,A,A,A,A,-,A,A,A,A,A,H,H,-,H,H,H,A,-,A,A,A,A,A,A,A,A,A,A,H,H,H,H,A,A,A
9.42845,7.26981,1,17.48684,-,-,H,H,H,A,A,A,H,H,H,H,H,-,-,H,H,-,-,-,H,H,-,H,H,H,H,H,H,H,H,-,H,H,H,H,H,H,H,H,H,H,-,A,A,-,A,-,H,H,H,H,H,H,H,H,-,H,H,H,-,A,A,A,H,H,H,H,-,H,H,H,H,-,H,A,A,A,H,H,-,A,A,A,A,A,H,H,H,H,H
5.59454,5.30525,1,10.57055,-,-,A,A,A,A,A,A,H,H,H,H,-,-,-,H,H,H,H,A,A,-,A,A,A,A,A,A,A,H,H,-,H,H,A,A,H,H,H,H,H,H,H,H,H,-,H,-,A,A,A,H,H,A,A,A,A,A,-,A,-,H,H,H,H,H,-,H,-,H,H,A,H,-,H,A,A,A,H,H,H,H,H,H,H,A,H,H,A,A,A
1.63147,2.83602,0,10.36257,-,-,H,H,H,H,H,H,A,H,H,H,A,-,-,A,A,A,A,-,-,A,A,-,A,A,A,A,-,H,H,-,H,H,A,A,A,A,H,H,H,H,H,H,H,-,H,-,H,A,H,-,H,H,H,H,H,H,H,H,-,H,H,H,H,H,A,A,-,A,A,A,A,-,A,H,H,H,H,H,H,A,A,A,A,A,H,H,H,H,H
4.19434,3.91677,0,33.38949,-,-,A,H,-,A,A,A,H,-,-,-,A,-,-,-,A,A,-,A,A,-,A,A,A,A,A,A,H,A,A,-,A,A,A,A,A,A,H,H,H,-,H,H,-,-,H,-,A,A,A,A,A,A,A,A,H,A,A,A,-,H,H,-,H,H,H,H,-,H,H,H,A,-,H,H,H,H,H,H,H,H,H,H,H,H,H,-,A,A,-
7.04028,9.0146,1,34.22015,-,-,A,A,A,A,A,H,-,A,-,-,H,-,-,-,H,H,H,H,H,H,H,H,H,H,-,H,H,-,H,-,H,-,H,H,H,H,-,A,A,A,H,H,H,-,H,-,H,H,H,H,H,H,H,H,A,A,H,H,-,H,H,H,H,H,H,H,-,H,H,H,H,-,H,-,H,A,H,A,H,A,A,A,A,A,A,A,H,H,H
5.09679,5.40923,0,25.64991,-,-,A,H,-,H,H,A,A,A,A,H,A,-,-,A,-,H,H,A,A,A,A,A,A,A,A,-,A,H,H,-,A,A,A,A,H,H,A,A,A,A,H,H,H,-,H,-,H,H,H,H,H,H,H,H,H,H,H,H,-,H,A,A,A,A,A,A,-,A,A,-,-,-,H,A,A,A,H,H,H,H,H,H,H,H,H,H,A,A,A
5.20835,4.69471,1,22.49205,-,-,H,-,A,A,H,H,H,A,A,A,H,-,-,H,H,H,A,A,A,A,-,-,A,A,A,A,H,A,A,-,A,A,A,A,A,A,H,H,H,H,H,H,H,-,H,-,-,A,H,H,-,A,A,A,H,H,H,H,-,H,H,H,-,-,H,-,-,-,H,-,H,-,H,H,H,H,H,H,H,H,H,A,H,H,A,A,H,H,H
4.3992,2.35959,0,12.35418,-,-,H,H,H,H,H,A,H,-,H,A,A,-,-,H,A,A,A,H,H,H,H,-,H,H,H,H,-,H,A,-,A,A,A,H,A,A,A,A,A,A,A,A,A,-,A,-,A,-,H,H,H,H,H,H,A,A,A,A,-,A,A,A,A,A,A,A,-,-,A,-,A,-,-,A,A,H,H,-,-,H,A,A,A,A,H,-,H,H,H
6.80394,6.48961,0,35.44842,-,-,A,A,A,A,-,H,H,-,H,H,A,-,-,A,A,A,A,-,H,-,H,H,H,H,H,H,H,H,H,-,H,H,H,H,H,H,H,-,H,-,A,A,A,-,H,-,A,A,A,H,H,A,A,A,H,H,H,H,-,A,-,A,A,A,A,A,-,A,A,H,A,-,A,H,H,H,A,A,A,A,A,A,A,A,A,A,H,-,H
5.08962,7.94381,0,28.36747,-,-,H,A,A,A,A,H,H,H,H,H,H,-,-,H,H,H,H,-,A,A,A,A,A,A,H,H,A,H,H,-,H,H,H,H,H,H,H,H,H,H,H,H,H,-,-,-,-,A,H,A,H,A,A,A,A,A,H,H,-,-,A,A,A,A,A,A,-,A,A,A,A,-,A,H,H,H,H,H,H,H,H,H,H,H,-,H,H,A,-
5.57688,4.73982,0,25.42279,-,-,H,H,-,-,A,A,A,H,H,H,A,-,-,H,H,A,A,A,A,A,A,A,-,A,A,A,A,H,-,-,H,-,A,-,H,H,A,A,A,H,H,H,H,-,H,-,A,A,A,A,H,H,H,H,A,A,A,-,-,H,H,H,H,H,H,H,-,H,A,A,H,-,H,A,A,-,H,H,H,A,H,H,A,A,A,A,H,H,H
6.0989,4.9209,0,25.35029,-,-,A,A,-,A,A,-,-,A,A,A,H,-,-,H,-,H,H,A,A,-,A,-,A,-,A,A,H,H,H,-,A,H,H,H,H,H,-,A,A,A,-,A,A,-,A,-,-,H,H,H,H,H,H,-,H,H,H,H,-,A,A,A,A,A,A,A,-,H,H,H,H,-,H,A,A,H,H,H,H,H,H,A,H,H,A,A,H,H,H
5.2841,7.36457,1,19.84469,-,-,A,A,A,-,A,-,H,-,H,H,H,-,-,H,H,H,H,A,-,A,-,A,A,A,A,A,H,H,H,-,H,A,A,A,-,A,H,A,A,H,A,A,A,-,-,-,A,A,A,-,A,A,-,A,A,A,A,A,-,H,H,H,H,H,H,-,-,-,H,A,H,-,H,A,A,-,-,A,A,A,H,H,H,H,A,-,-,H,H
7.98973,9.97603,1,36.09896,-,-,-,A,H,-,H,H,H,H,-,H,H,-,-,H,H,H,H,H,H,H,H,H,-,H,-,H,H,A,A,-,H,H,H,A,A,A,A,H,H,A,A,A,-,-,A,-,H,H,A,H,H,H,H,H,H,H,-,A,-,A,A,-,A,A,A,A,-,A,A,H,H,-,A,H,-,A,H,-,H,H,-,H,H,A,-,A,A,-,A
6.36542,7.01938,0,37.19167,-,-,A,A,A,A,A,H,H,H,H,A,A,-,-,A,A,A,A,A,A,A,A,A,-,A,A,A,H,H,H,-,H,-,H,H,A,A,H,A,A,A,A,A,-,-,A,-,H,H,A,A,H,H,H,A,H,H,H,H,-,H,H,H,H,H,H,H,-,H,-,H,A,-,A,H,H,H,-,H,H,H,H,H,H,H,A,H,H,H,-
4.23926,4.96364,0,31.7175,-,-,H,H,H,A,-,A,H,H,H,H,H,-,-,A,A,A,A,H,H,H,H,H,H,H,-,A,A,H,-,-,H,H,A,A,A,A,H,H,H,H,H,H,H,-,H,-,A,A,A,A,H,H,H,H,-,-,H,A,-,A,A,H,H,H,H,H,-,H,H,H,A,-,A,A,-,A,H,H,-,H,A,A,A,A,A,A,A,-,A
7.67356,8.08164,1,29.39748,-,-,A,A,A,A,A,H,A,A,A,A,H,-,-,A,A,A,A,A,A,A,A,A,A,A,A,A,H,H,H,-,H,A,A,A,A,-,-,A,A,-,H,H,H,-,H,-,H,H,H,H,H,H,H,H,A,A,A,A,-,H,A,A,A,A,A,-,-,A,A,A,H,-,A,A,A,A,H,H,H,H,H,H,H,H,A,A,-,H,-
4.23833,6.5563,0,30.21525,-,-,H,-,A,A,A,A,A,A,A,A,H,-,-,A,A,A,H,-,A,A,-,A,A,-,-,A,A,A,A,-,H,H,A,-,H,-,A,A,H,A,H,-,H,-,H,-,H,H,H,H,A,A,A,A,A,A,A,A,-,-,A,A,A,-,A,A,-,A,A,-,H,-,H,H,H,H,A,A,A,A,H,H,H,H,H,H,-,A,-
4.81881,3.72183,0,13.50077,-,-,H,H,A,A,A,A,A,A,A,H,A,-,-,A,A,-,H,H,H,H,H,H,H,H,H,-,H,H,H,-,H,H,H,H,H,H,H,-,H,H,A,A,-,-,A,-,H,H,A,H,A,-,A,A,-,H,H,H,-,H,H,H,-,H,H,H,-,H,H,H,A,-,A,H,A,A,A,A,A,A,-,H,H,H,H,H,A,A,-
2.61561,4.95276,0,12.08305,-,-,H,A,A,A,A,H,H,A,A,A,A,-,-,A,A,A,A,H,H,H,H,H,H,H,H,H,H,-,H,-,H,H,H,H,H,H,H,H,H,A,H,H,H,-,A,-,H,H,H,H,H,A,A,-,A,H,H,H,-,H,H,H,H,H,H,H,-,H,H,A,A,-,A,A,A,A,-,H,H,H,A,A,A,H,A,H,A,A,A
9.28793,8.78596,1,31.92172,-,-,A,A,A,-,A,H,H,H,H,H,A,-,-,H,-,H,H,A,-,A,A,A,A,A,A,H,H,A,A,-,A,A,A,A,A,A,H,H,H,A,H,H,H,-,H,-,H,A,A,A,H,H,H,A,A,H,-,H,-,H,H,H,H,H,H,A,-,A,A,A,H,-,A,H,H,H,H,H,H,A,H,H,-,H,H,A,H,H,H
7.65483,5.30783,0,32.92061,-,-,-,A,A,A,A,H,H,H,H,H,H,-,-,A,H,H,H,-,H,H,H,H,H,H,H,H,H,A,A,-,A,A,H,H,H,-,H,-,A,A,-,A,A,-,A,-,A,A,A,A,A,-,H,H,A,A,A,A,-,A,A,A,A,-,A,-,-,H,H,-,H,-,-,A,H,H,A,A,A,A,-,A,A,A,A,A,A,-,A
3.77205,2.21544,0,10.23985,-,-,-,A,A,A,A,A,A,A,A,A,H,-,-,A,H,H,H,H,H,H,H,H,H,H,H,H,-,A,H,-,H,A,H,A,A,A,A,H,H,A,H,H,H,-,H,-,H,A,A,-,H,A,A,A,H,A,A,A,-,A,A,A,-,A,H,H,-,H,A,A,A,-,A,H,-,H,A,A,A,A,H,H,H,H,A,A,A,H,H
8.33001,7.59913,1,23.69301,-,-,H,H,H,H,H,A,H,H,H,H,-,-,-,H,H,H,-,-,H,H,H,H,H,H,H,H,H,A,A,-,-,A,A,A,-,H,H,H,H,H,A,A,A,-,A,-,H,A,A,H,A,A,A,A,H,-,H,H,-,A,A,A,A,A,-,A,-,-,H,A,H,-,H,H,H,H,-,H,H,H,A,A,A,A,A,A,-,H,H
5.73876,4.63462,1,22.861,-,-,A,A,A,A,A,A,A,A,A,A,H,-,-,A,-,A,H,H,-,H,H,H,H,H,H,-,A,H,H,-,A,A,H,-,A,-,H,H,H,H,A,A,A,-,H,-,H,A,A,H,A,A,H,H,H,H,H,H,-,H,H,H,H,H,H,H,-,H,H,-,H,-,H,A,A,A,A,A,-,H,A,A,-,A,A,H,A,A,A
8.40232,7.54278,1,31.24041,-,-,H,H,H,H,H,A,H,H,H,H,H,-,-,A,H,H,H,H,H,H,H,H,H,H,-,H,H,-,A,-,A,A,-,H,H,-,A,A,A,H,H,H,H,-,H,-,A,A,A,A,H,H,H,H,A,A,-,H,-,H,H,H,H,H,H,H,-,A,A,A,-,-,A,H,A,A,H,H,H,H,A,A,A,A,A,-,A,H,H
5.30552,7.44688,1,27.47967,-,-,A,A,-,A,H,A,A,H,H,H,-,-,-,-,H,H,H,H,H,H,H,-,H,H,A,A,A,A,A,-,H,H,A,-,A,-,A,A,H,H,A,A,A,-,A,-,H,H,A,-,H,-,A,A,H,H,H,-,-,H,H,H,H,H,H,H,-,H,H,-,A,-,A,H,H,H,H,H,A,A,A,A,A,A,A,A,H,H,-
6.95228,2.84401,1,12.30271,-,-,H,-,-,H,H,H,A,A,A,A,A,-,-,H,H,H,A,H,H,H,H,H,H,H,H,H,H,A,-,-,-,A,A,A,H,H,H,H,H,H,A,-,A,-,H,-,H,H,A,A,A,A,A,A,H,A,A,A,-,-,A,A,A,A,A,A,-,A,A,A,A,-,A,-,A,H,H,H,A,A,H,H,H,H,H,H,A,A,A
6.10682,4.88176,0,32.87842,-,-,H,H,H,H,H,A,A,A,-,A,H,-,-,H,-,H,A,A,A,-,A,A,A,A,H,H,H,A,-,-,-,H,H,H,H,H,A,A,A,-,H,H,H,-,H,-,A,-,A,A,H,A,-,-,A,A,A,A,-,A,A,A,A,A,A,A,-,A,A,A,A,-,A,A,A,A,H,H,H,H,A,-,A,A,H,H,A,A,A
8.13324,10.66825,1,32.25061,-,-,A,H,-,H,H,A,-,A,A,A,H,-,-,A,A,A,-,A,A,A,-,A,A,A,A,A,H,A,A,-,A,-,H,H,H,H,A,-,A,A,A,A,A,-,-,-,H,H,H,H,H,-,H,H,H,H,H,H,-,H,H,H,H,H,H,H,-,H,H,H,A,-,A,H,H,H,A,A,A,A,A,H,H,H,A,A,A,A,-
6.37452,9.09718,0,32.33498,-,-,A,-,H,-,H,-,-,A,A,A,H,-,-,H,H,H,H,-,H,H,H,H,H,H,H,H,A,H,H,-,H,H,A,H,H,H,H,H,H,H,A,A,A,-,A,-,A,-,-,A,H,H,H,H,-,H,A,A,-,A,-,A,A,A,A,A,-,A,A,A,A,-,H,H,H,H,A,A,-,H,-,A,A,A,H,H,A,A,A
8.97499,8.60507,1,25.82494,-,-,A,A,A,H,H,H,H,H,H,H,H,-,-,-,A,A,A,H,H,H,H,H,H,H,H,-,H,-,A,-,H,H,H,H,H,H,A,A,A,A,H,H,H,-,H,-,H,H,H,H,A,A,A,A,H,H,-,H,-,H,H,H,H,H,A,A,-,A,A,H,H,-,H,-,A,-,-,A,A,H,A,A,A,A,A,A,H,A,A
7.06156,7.13439,1,22.96266,-,-,H,H,H,H,H,A,A,A,-,-,H,-,-,H,H,A,A,H,H,H,H,H,H,H,-,-,H,A,-,-,H,H,H,H,H,H,H,H,H,A,H,H,H,-,H,-,H,A,H,-,A,A,A,A,-,A,A,A,-,-,A,A,H,-,H,H,-,H,H,H,A,-,-,A,A,A,H,H,A,A,-,A,A,H,-,A,H,H,A
6.43257,7.83023,0,39.36395,-,-,H,H,H,H,H,A,-,A,A,A,A,-,-,H,H,H,A,A,A,A,A,A,A,A,A,A,A,A,H,-,H,H,H,H,H,H,A,A,A,A,H,H,H,-,A,-,H,H,H,H,H,A,-,A,H,H,H,H,-,A,A,A,A,-,A,-,-,A,A,A,H,-,H,H,A,H,H,A,A,A,A,-,A,A,H,H,H,A,A
5.96583,4.12234,1,14.25148,-,-,H,H,H,H,H,H,H,A,A,H,A,-,-,H,A,A,-,A,A,A,A,A,A,-,H,H,H,H,A,-,A,A,A,H,-,H,-,A,A,A,H,H,H,-,H,-,-,A,A,A,A,A,A,A,A,A,A,A,-,H,H,H,H,H,H,H,-,-,H,H,H,-,H,A,A,A,H,H,A,A,H,A,A,A,A,A,H,H,H
5.73003,4.20314,0,21.07058,-,-,A,-,-,A,A,A,A,A,-,A,A,-,-,A,A,A,A,H,H,H,H,H,H,H,H,H,H,A,A,-,A,A,A,A,A,A,A,A,H,H,H,-,H,-,H,-,A,-,A,A,H,H,A,A,A,-,-,A,-,A,A,A,A,A,H,H,-,H,A,H,A,-,A,H,H,H,H,H,-,H,H,A,A,A,A,-,H,-,H
8.45443,7.41386,1,19.80694,-,-,H,H,H,H,A,-,H,H,H,H,H,-,-,H,H,A,-,A,A,A,-,A,A,A,A,A,A,A,A,-,A,A,-,H,-,H,H,-,H,H,A,A,A,-,A,-,H,H,-,H,A,A,A,A,A,A,H,-,-,-,A,-,A,-,A,A,-,A,-,-,A,-,A,A,A,A,H,H,H,H,H,H,H,H,H,-,A,A,A
7.74975,6.43477,0,39.07054,-,-,H,A,A,A,A,H,A,A,A,A,A,-,-,A,A,A,A,H,H,H,H,H,H,H,H,H,H,A,H,-,H,H,H,H,H,H,-,A,-,H,A,A,A,-,A,-,A,A,A,A,A,A,A,A,H,H,H,H,-,H,H,H,H,H,A,A,-,A,-,A,H,-,H,A,A,A,A,A,A,A,A,A,A,A,A,A,-,H,H
4.75953,2.68518,0,24.78631,-,-,H,A,H,H,A,H,A,-,A,A,H,-,-,A,A,A,A,H,H,-,H,H,A,A,A,A,A,H,H,-,H,H,A,-,A,A,A,A,A,A,H,H,H,-,H,-,A,A,A,A,A,A,A,A,A,H,H,H,-,H,H,H,H,H,H,H,-,H,H,H,H,-,H,H,A,A,H,H,H,H,A,A,A,A,A,A,H,H,H
5.00743,3.62573,0,28.32703,-,-,A,H,H,H,H,A,A,A,A,H,H,-,-,H,A,A,H,H,H,H,-,H,A,-,-,A,A,A,A,-,H,H,H,-,H,H,A,A,A,A,H,H,H,-,H,-,A,-,A,A,-,A,A,A,H,-,H,H,-,A,A,A,-,A,A,A,-,A,-,A,H,-,-,A,A,A,A,A,H,A,-,H,H,H,H,A,-,A,A
8.11495,5.74275,1,30.17882,-,-,H,H,H,A,-,A,A,H,H,H,A,-,-,-,H,H,H,A,A,A,-,-,A,A,A,H,H,A,A,-,A,-,H,H,-,H,H,H,H,H,H,H,H,-,H,-,H,H,H,-,A,A,A,A,A,A,A,H,-,H,-,H,-,H,H,A,-,A,A,A,H,-,A,H,-,H,H,H,H,H,-,H,H,H,H,H,A,A,A
5.08781,4.97772,0,25.97502,-,-,-,H,H,H,H,H,H,A,H,H,H,-,-,A,H,H,H,A,A,A,A,A,A,A,A,A,A,H,H,-,H,H,-,-,H,H,A,A,A,A,A,A,A,-,-,-,A,-,A,H,H,H,H,H,H,H,H,H,-,H,-,A,A,A,A,-,-,A,A,A,-,-,H,A,-,H,H,H,H,-,H,H,H,H,A,A,A,H,H
7.21386,8.13116,0,35.58883,-,-,A,H,-,H,H,H,H,A,A,A,A,-,-,H,H,H,H,A,A,-,A,A,A,-,A,A,A,A,A,-,-,H,A,A,A,A,A,A,A,A,H,H,H,-,H,-,H,H,H,H,A,A,H,A,H,H,H,H,-,H,H,-,H,H,H,H,-,H,H,H,H,-,H,H,A,A,-,H,H,H,A,A,A,-,-,-,H,-,A
4.19551,2.37668,0,11.43221,-,-,A,H,A,A,H,A,A,-,A,H,H,-,-,A,A,H,H,A,A,A,A,A,A,A,A,-,H,H,H,-,H,H,H,H,H,H,A,A,H,H,H,H,H,-,H,-,H,-,H,H,A,-,A,A,H,H,H,H,-,H,H,H,H,H,H,H,-,-,-,H,A,-,-,H,A,A,-,A,A,H,A,A,A,A,A,A,H,H,-
8.03481,6.06997,0,39.78271,-,-,A,H,H,H,H,A,-,A,A,A,A,-,-,A,H,H,H,A,A,-,A,A,A,A,H,H,-,H,H,-,-,H,A,A,-,A,A,A,A,A,H,H,H,-,H,-,A,A,A,A,-,H,A,H,H,H,H,H,-,H,H,H,H,H,H,H,-,H,H,H,A,-,A,-,A,A,A,A,A,H,A,A,H,A,-,A,A,A,A
3.31312,2.98497,0,12.35176,-,-,A,H,-,-,H,A,A,A,A,-,A,-,-,A,A,A,A,A,A,A,A,A,A,A,A,A,A,A,-,-,A,A,A,A,A,A,A,A,-,H,A,A,A,-,A,-,-,H,A,A,-,A,A,A,H,H,H,A,-,A,A,A,-,A,A,A,-,A,A,A,H,-,H,A,-,A,H,H,H,A,A,-,A,-,H,A,A,A,H
5.91612,4.55258,0,20.58662,-,-,H,H,H,-,A,H,-,A,A,A,A,-,-,H,A,A,A,-,H,H,H,H,H,H,H,H,H,A,A,-,A,A,A,A,A,A,-,H,H,H,H,H,H,-,H,-,A,H,H,H,A,A,A,A,-,A,A,H,-,A,A,A,A,A,A,A,-,A,A,A,H,-,A,H,H,H,A,A,A,-,H,H,H,-,-,A,A,A,A
3.75255,6.027,1,24.13252,-,-,A,A,A,A,A,A,A,A,A,-,H,-,-,H,H,A,A,A,A,A,A,A,A,A,A,A,A,A,A,-,A,A,H,H,A,A,H,A,H,H,A,A,A,-,H,-,A,A,A,A,A,A,A,A,H,H,H,-,-,A,A,A,A,A,A,A,-,H,H,H,A,-,-,-,H,H,H,H,H,-,H,H,-,H,H,H,A,A,H
4.04456,3.89812,0,14.84,-,-,A,A,A,A,-,H,H,H,H,H,H,-,-,H,H,A,-,H,H,H,H,H,H,H,H,H,A,H,H,-,A,-,A,-,A,A,H,H,-,H,H,H,H,-,-,-,H,A,H,H,A,-,H,H,A,A,A,H,-,H,H,H,H,H,H,H,-,H,H,H,A,-,A,A,A,A,H,H,H,H,A,A,-,A,A,A,A,A,H
5.24443,6.88463,0,25.54035,-,-,A,A,A,A,A,-,H,H,-,H,A,-,-,-,H,-,H,H,H,H,H,H,H,H,A,A,A,H,A,-,A,A,H,H,-,H,H,H,H,A,H,H,H,-,A,-,A,A,A,H,H,H,-,H,H,H,A,A,-,A,A,A,A,A,-,A,-,A,A,A,A,-,-,A,H,-,H,H,H,H,H,H,H,H,A,A,A,A,A
5.13838,6.43622,1,16.9471,-,-,-,H,A,H,H,A,H,H,H,H,A,-,-,A,A,A,A,H,H,H,H,H,-,-,A,A,A,H,H,-,H,H,H,A,A,-,H,H,H,-,-,H,H,-,H,-,H,H,H,H,A,A,H,H,A,-,A,H,-,H,A,A,A,A,A,A,-,A,A,A,A,-,A,A,A,H,A,A,A,A,-,-,H,-,A,A,H,H,H
4.42283,6.19117,1,13.20372,-,-,H,A,A,A,A,-,A,A,-,-,H,-,-,A,A,A,A,H,H,H,H,H,H,H,H,H,A,A,A,-,H,A,A,A,A,A,H,H,H,H,-,H,H,-,H,-,H,H,H,H,A,A,-,A,A,A,A,H,-,A,A,A,A,A,A,A,-,A,A,A,A,-,A,-,A,H,A,A,H,H,A,A,-,A,A,-,H,H,H
5.24364,6.08211,0,31.52941,-,-,H,H,-,H,-,A,A,A,A,A,A,-,-,A,A,A,A,H,H,H,H,H,-,-,H,H,-,H,H,-,H,H,A,A,H,H,H,H,H,H,A,-,A,-,A,-,A,A,A,A,A,A,A,-,H,H,H,H,-,A,A,A,A,A,A,A,-,A,A,A,H,-,H,H,H,H,A,A,A,A,A,A,A,A,A,A,A,-,-
6.10038,6.28968,1,20.48566,-,-,H,A,A,H,-,H,H,H,H,H,H,-,-,A,A,A,H,H,-,A,A,A,A,A,A,A,A,A,A,-,A,A,A,A,A,A,A,H,A,A,H,H,H,-,H,-,A,H,H,H,A,A,A,A,A,A,A,-,-,A,A,-,A,-,A,A,-,A,A,A,H,-,H,H,A,A,H,H,A,A,-,-,A,H,H,H,H,H,H
5.40939,7.19827,0,31.87576,-,-,A,A,A,H,H,A,A,A,A,A,A,-,-,A,H,H,-,H,H,H,H,H,H,H,H,H,-,A,H,-,H,H,A,A,A,A,A,-,H,A,H,H,H,-,H,-,A,A,A,A,H,H,H,H,A,H,-,H,-,H,H,H,H,H,H,H,-,H,H,H,A,-,A,-,H,H,-,H,H,H,H,H,H,-,A,A,H,A,-
6.22833,7.95036,1,25.35398,-,-,H,H,H,H,H,A,A,H,H,H,A,-,-,H,H,H,-,A,A,-,A,A,-,A,A,A,H,H,H,-,H,-,A,A,A,A,A,A,A,A,A,A,A,-,H,-,H,H,H,H,H,H,A,A,H,H,H,A,-,H,H,H,H,H,H,-,-,H,H,A,H,-,A,H,A,A,A,A,H,A,A,A,A,-,A,H,H,H,H
10.50002,9.8271,1,38.8695,-,-,A,-,H,-,H,H,-,H,H,A,A,-,-,A,A,A,A,H,H,H,H,H,H,H,H,-,H,H,H,-,H,-,H,H,H,A,-,-,A,A,H,H,H,-,H,-,H,A,A,A,H,H,H,H,H,H,A,A,-,A,A,A,A,A,-,H,-,H,H,H,H,-,H,H,A,A,A,A,H,H,H,H,-,H,H,H,A,A,A
6.58076,7.1096,1,38.69007,-,-,-,H,H,H,A,-,A,A,A,H,H,-,-,H,H,H,H,A,A,A,A,A,A,A,A,A,A,A,A,-,H,H,H,H,-,H,H,A,A,-,-,A,A,-,A,-,A,A,A,-,-,H,H,H,H,H,-,H,-,H,H,H,H,-,-,H,-,H,H,H,A,-,H,A,A,A,H,H,H,H,H,H,H,A,H,H,H,H,A
3.50632,2.72523,0,12.47242,-,-,A,A,A,H,-,H,A,-,H,A,A,-,-,H,H,H,A,A,-,A,-,A,A,A,A,A,A,A,A,-,A,A,A,A,H,H,A,-,A,H,H,H,-,-,-,-,-,A,A,-,-,A,-,A,H,H,H,H,-,A,A,A,-,-,A,A,-,A,A,A,H,-,A,H,-,H,H,H,H,H,A,A,A,A,A,-,H,A,H
3.92539,4.67964,0,17.65953,-,-,H,H,H,A,H,A,H,H,H,H,H,-,-,-,H,-,H,H,H,H,H,H,H,H,H,H,H,H,H,-,H,H,H,H,H,H,H,-,H,H,A,A,A,-,-,-,H,H,-,H,H,H,H,A,H,H,H,-,-,H,H,-,H,H,H,H,-,H,H,A,A,-,-,A,A,A,A,A,-,H,H,H,H,H,A,A,A,A,A
7.78611,6.37861,0,28.1218,-,-,H,A,A,A,A,A,A,A,A,H,A,-,-,H,-,H,A,H,H,H,H,H,H,H,H,H,H,A,A,-,A,A,H,H,H,H,A,H,H,H,A,A,A,-,A,-,H,H,-,H,H,H,H,H,A,A,-,A,-,A,A,A,-,A,A,-,-,H,-,H,A,-,-,A,A,A,A,A,A,H,H,H,H,A,A,A,H,-,H
6.93454,5.42759,1,17.70218,-,-,-,A,A,A,A,H,H,A,A,A,H,-,-,A,H,H,H,A,A,A,A,-,A,A,A,A,A,H,H,-,H,H,H,H,H,H,H,A,A,H,A,A,-,-,A,-,A,A,A,-,A,H,-,H,A,A,A,A,-,H,H,H,-,H,H,H,-,-,H,H,A,-,A,H,-,H,A,A,A,-,H,-,H,H,-,A,A,A,A
7.13859,4.09863,1,20.79447,-,-,H,H,H,-,H,A,A,-,A,-,A,-,-,A,A,A,A,A,-,H,H,H,H,-,H,H,-,H,H,-,H,A,H,H,-,H,H,-,H,A,A,A,A,-,A,-,H,H,A,A,H,H,H,-,H,H,A,A,-,H,-,H,H,H,H,-,-,H,H,H,A,-,A,-,A,A,H,H,H,-,-,A,A,-,H,-,A,A,H
3.97009,4.5664,0,30.22187,-,-,H,H,H,H,H,A,A,A,A,H,H,-,-,-,A,A,A,A,A,A,A,A,A,A,A,A,A,A,A,-,A,A,H,A,-,A,H,H,H,H,H,H,H,-,A,-,H,H,A,H,A,A,A,-,A,A,A,A,-,A,A,A,A,A,A,A,-,A,H,H,A,-,A,H,H,H,H,H,A,A,H,H,A,A,A,A,A,A,A
6.56394,5.06814,0,22.49346,-,-,H,H,H,A,A,H,H,H,H,H,A,-,-,A,A,A,-,-,H,H,H,H,H,H,H,H,H,A,A,-,A,A,A,A,A,A,A,A,A,H,H,H,H,-,H,-,H,-,H,H,A,H,H,H,H,-,H,H,-,H,H,H,H,H,H,-,-,H,H,H,-,-,H,H,H,H,A,-,A,H,A,A,A,A,H,A,A,A,A
7.46358,9.25641,1,35.70214,-,-,A,H,-,H,H,H,H,H,H,H,A,-,-,A,A,H,H,-,H,H,H,H,H,H,H,H,H,H,A,-,A,A,A,A,A,A,-,H,-,H,H,H,H,-,H,-,A,A,H,-,-,A,A,H,A,A,A,A,-,A,A,A,A,A,-,A,-,A,A,-,A,-,A,A,A,H,A,A,A,A,H,H,H,H,A,-,H,H,H
7.5271,7.33849,1,36.38867,-,-,H,H,H,H,H,A,A,A,A,A,H,-,-,A,A,A,A,A,A,-,A,-,A,A,A,A,A,H,-,-,H,H,H,A,A,A,A,A,A,A,H,H,H,-,H,-,A,A,H,H,H,H,H,H,H,A,A,-,-,A,A,A,A,A,A,A,-,A,H,A,H,-,H,A,-,A,H,H,A,-,A,A,A,-,A,A,A,A,-
8.60937,7.76274,1,31.51431,-,-,H,H,H,H,H,A,-,A,A,H,A,-,-,H,H,H,A,A,A,-,A,A,A,A,A,-,-,A,A,-,-,A,H,H,A,A,A,A,A,A,H,H,H,-,H,-,H,H,H,H,-,H,H,H,H,H,H,H,-,H,H,H,H,-,H,H,-,H,H,H,H,-,A,H,H,H,H,H,A,-,-,H,H,H,H,A,A,H,H
4.42114,4.01124,0,15.10353,-,-,A,A,A,A,A,A,-,A,A,H,A,-,-,H,H,A,A,-,A,A,A,A,-,A,A,A,A,H,H,-,A,-,A,A,H,H,H,H,H,H,A,A,A,-,A,-,A,A,A,A,A,H,A,A,H,H,H,A,-,A,A,A,-,A,A,A,-,A,A,A,H,-,H,H,H,H,-,A,A,A,-,A,A,A,A,A,-,H,H
4.30575,2.87572,0,10.46713,-,-,H,H,H,H,H,H,H,H,H,H,H,-,-,H,H,H,H,H,H,H,H,H,H,H,H,H,H,A,A,-,A,H,A,A,A,A,A,A,A,A,H,H,H,-,H,-,H,H,H,H,A,A,A,A,H,A,A,A,-,A,H,H,H,H,H,H,-,H,H,H,-,-,H,H,H,A,H,H,H,H,H,A,-,A,H,H,A,A,H
2.83462,6.87353,0,24.40561,-,-,H,H,H,A,H,A,A,A,A,A,-,-,-,A,A,A,A,A,A,A,A,-,A,A,A,A,H,-,H,-,A,A,H,H,H,H,H,H,H,-,H,H,H,-,H,-,A,A,A,H,-,-,A,A,-,A,A,A,-,H,H,H,H,H,H,H,-,-,H,A,H,-,H,H,A,H,-,A,A,A,H,H,H,H,A,A,H,H,H
6.16704,6.57694,1,32.2016,-,-,H,-,H,H,-,A,A,A,A,H,A,-,-,-,A,A,-,H,H,H,-,H,H,H,H,-,H,-,-,-,A,A,-,-,-,A,-,A,A,A,-,A,-,-,A,-,A,A,A,A,-,A,A,A,-,A,A,A,-,H,H,-,-,-,H,-,-,H,H,H,H,-,H,H,H,A,A,A,-,A,A,-,A,A,-,A,H,-,A
4.77124,5.09517,0,16.7876,-,-,-,-,H,H,-,H,H,H,-,H,-,-,-,-,H,H,-,H,H,H,H,H,H,H,H,H,H,-,-,-,A,A,H,-,-,H,-,H,-,H,-,H,-,-,H,-,A,A,A,H,-,H,H,H,-,A,A,A,-,H,A,-,-,-,-,-,-,A,H,H,H,-,H,A,A,A,A,A,-,H,A,-,A,H,-,H,A,-,A
4.94514,5.42754,0,20.81158,-,-,H,-,H,A,-,-,A,A,A,A,A,-,-,-,H,H,-,H,H,H,H,H,H,H,H,-,A,-,-,-,H,H,A,H,-,H,-,-,H,H,-,H,-,-,-,-,H,H,H,H,-,A,A,A,-,H,H,A,-,A,A,-,-,-,A,-,-,A,A,H,A,-,A,H,-,H,H,H,-,H,H,-,H,H,-,A,H,-,H
4.06569,3.48872,0,12.78274,-,-,A,-,A,H,-,A,H,H,H,H,A,-,-,-,H,H,-,A,A,A,-,A,-,A,A,A,A,-,-,-,H,H,A,A,-,A,-,H,H,H,-,A,-,-,A,-,H,H,H,A,-,A,H,H,-,A,A,A,-,A,A,-,-,-,-,-,-,A,A,A,H,-,H,-,A,A,A,A,-,-,A,-,-,A,-,H,H,-,H
7.32322,5.24946,0,34.4892,-,-,H,-,H,H,-,A,H,H,H,H,A,-,-,-,H,H,-,H,H,H,H,H,H,H,H,H,H,-,-,-,H,H,H,-,-,H,-,H,H,A,-,A,-,-,H,-,A,A,H,H,-,A,A,-,-,-,H,H,-,H,H,-,-,-,H,-,-,H,H,H,H,-,H,H,H,A,A,H,-,A,A,-,A,A,-,H,-,-,A
4.39728,6.66381,0,34.78787,-,-,H,-,H,H,-,H,A,A,A,A,H,-,-,-,A,A,-,A,A,A,A,A,A,A,A,A,A,-,-,-,H,H,A,A,-,A,-,H,H,H,-,H,-,-,H,-,A,-,A,A,-,A,A,A,-,A,A,A,-,A,-,-,-,-,A,-,-,A,A,A,H,-,H,H,H,H,H,A,-,A,H,-,A,-,-,H,-,-,H
5.80089,2.05551,1,10.87078,-,-,A,-,A,A,-,A,A,A,H,H,H,-,-,-,A,A,-,H,H,H,H,H,A,A,A,A,A,-,-,-,H,H,H,-,-,H,-,A,A,A,-,-,-,-,H,-,H,A,A,-,-,A,A,A,-,A,A,A,-,A,A,-,-,-,A,-,-,A,A,A,A,-,A,H,H,A,-,A,-,A,A,-,A,A,-,A,A,-,A
5.57208,5.91476,1,21.65327,-,-,A,-,A,A,-,A,A,A,A,H,A,-,-,-,A,A,-,A,A,A,A,A,A,A,A,A,A,-,-,-,H,H,H,A,-,H,-,A,A,A,-,H,-,-,A,-,H,H,H,H,-,A,A,-,-,-,H,H,-,H,H,-,-,-,H,-,-,-,H,H,H,-,A,A,A,A,H,H,-,H,H,-,H,H,-,H,A,-,A
6.17977,6.07147,0,34.03877,-,-,-,-,H,H,-,H,H,H,-,A,-,-,-,-,H,H,-,-,H,H,H,H,H,H,H,H,H,-,-,-,H,H,A,A,-,A,-,H,H,-,-,A,-,-,A,-,A,A,A,A,-,A,A,A,-,A,A,H,-,A,A,-,-,-,A,-,-,A,A,A,H,-,H,A,A,H,A,A,-,A,A,-,A,A,-,A,A,-,-
7.11036,8.89872,1,37.49514,-,-,A,-,A,-,-,H,A,A,A,A,A,-,-,-,H,H,-,H,H,H,H,H,H,-,-,H,-,-,-,-,A,A,A,A,-,-,-,H,H,H,-,A,-,-,-,-,H,H,H,H,-,A,A,A,-,A,A,A,-,H,H,-,-,-,H,-,-,H,-,A,A,-,A,H,H,A,A,A,-,A,H,-,H,H,-,H,A,-,H
3.94479,4.50107,0,30.54731,-,-,A,-,H,H,-,A,A,H,H,H,H,-,-,-,H,H,-,A,A,A,A,A,A,A,A,A,A,-,-,-,A,A,H,H,-,A,-,H,H,H,-,H,-,-,A,-,-,-,A,H,-,A,A,H,-,-,H,H,-,H,H,-,-,-,H,-,-,-,H,H,A,-,H,H,H,H,H,H,-,A,A,-,-,A,-,A,H,-,H
6.41405,6.01902,0,34.21411,-,-,H,-,H,A,-,A,A,A,A,A,H,-,-,-,H,-,-,A,A,A,A,A,A,A,A,H,H,-,-,-,A,A,H,H,-,H,-,H,H,H,-,A,-,-,A,-,A,A,H,H,-,H,H,H,-,A,A,A,-,A,A,-,-,-,A,-,-,A,A,A,H,-,H,H,A,H,A,A,-,A,A,-,A,H,-,A,H,-,H
3.92926,3.94173,0,14.04693,-,-,H,-,H,H,-,H,H,H,H,H,H,-,-,-,H,H,-,A,A,A,A,A,-,-,A,A,A,-,-,-,H,-,A,-,-,A,-,A,A,H,-,-,-,-,A,-,A,A,H,A,-,H,H,H,-,H,H,H,-,H,H,-,-,-,H,-,-,-,H,H,A,-,A,A,A,A,A,A,-,A,A,-,A,A,-,H,A,-,A
4.34451,3.43178,0,13.55583,-,-,A,-,A,A,-,A,A,A,H,H,A,-,-,-,A,H,-,H,H,H,H,H,H,H,H,H,-,-,-,-,A,A,A,A,-,A,-,A,A,A,-,H,-,-,A,-,H,H,A,H,-,H,A,A,-,A,A,A,-,A,A,-,-,-,A,-,-,A,A,-,-,-,H,A,H,A,H,H,-,A,A,-,A,A,-,H,-,-,A
2.04837,3.91683,0,23.73053,-,-,H,-,H,H,-,H,H,H,H,H,A,-,-,-,A,A,-,A,A,A,A,A,A,A,A,A,H,-,-,-,A,A,H,H,-,H,-,H,H,H,-,H,-,-,H,-,-,A,A,A,-,A,-,A,-,A,A,A,-,H,H,-,-,-,H,-,-,H,H,H,A,-,H,-,A,A,A,A,-,-,A,-,A,A,-,H,A,-,H
6.53608,5.97006,0,32.42277,-,-,A,-,-,A,-,H,H,-,H,H,A,-,-,-,H,H,-,A,A,A,A,A,A,A,A,A,A,-,-,-,H,H,H,H,-,H,-,-,A,A,-,A,-,-,H,-,A,A,A,-,-,H,H,H,-,A,A,A,-,A,A,-,-,-,A,-,-,A,A,H,H,-,H,H,H,H,H,H,-,H,A,-,A,A,-,-,A,-,H
6.67768,9.09267,1,30.24724,-,-,A,-,A,A,-,H,A,A,A,A,A,-,-,-,H,H,-,A,A,A,A,A,A,A,A,A,A,-,-,-,A,H,A,A,-,A,-,A,A,A,-,H,-,-,H,-,A,A,A,A,-,H,H,H,-,A,A,-,-,A,A,-,-,-,-,-,-,A,A,A,H,-,A,H,H,A,H,H,-,H,A,-,-,H,-,A,A,-,A
4.27347,6.74135,0,29.82176,-,-,H,-,H,H,-,A,A,A,A,A,A,-,-,-,-,H,-,H,H,H,H,H,H,H,H,H,A,-,-,-,A,A,-,H,-,-,-,A,-,A,-,A,-,-,A,-,H,-,-,-,-,-,H,H,-,H,H,H,-,A,-,-,-,-,A,-,-,A,A,A,H,-,H,H,-,H,H,H,-,H,A,-,A,A,-,H,H,-,A
8.5647,10.02567,1,27.06723,-,-,H,-,-,H,-,H,H,H,-,A,H,-,-,-,A,A,-,A,A,A,A,A,A,A,A,A,A,-,-,-,H,H,H,H,-,H,-,A,H,H,-,H,-,-,H,-,H,H,H,H,-,A,-,A,-,A,A,A,-,A,A,-,-,-,A,-,-,A,A,A,A,-,H,A,A,A,A,H,-,A,A,-,A,A,-,H,A,-,H
6.72677,6.24273,0,33.82084,-,-,H,-,A,A,-,A,H,H,H,H,H,-,-,-,A,A,-,H,H,H,H,H,H,H,-,H,H,-,-,-,A,H,H,H,-,A,-,A,A,H,-,-,-,-,H,-,H,-,H,H,-,H,A,A,-,H,H,H,-,H,H,-,-,-,H,-,-,H,H,H,H,-,A,H,H,H,A,A,-,A,-,-,A,A,-,H,A,-,A
4.44245,4.35495,0,25.17051,-,-,H,-,H,A,-,A,A,A,A,A,A,-,-,-,-,A,-,A,A,A,A,A,A,A,A,A,A,-,-,-,A,-,H,H,-,A,-,A,A,H,-,H,-,-,-,-,A,A,-,A,-,A,A,A,-,H,H,H,-,A,A,-,-,-,A,-,-,A,A,A,A,-,H,A,H,A,A,A,-,-,-,-,H,H,-,A,A,-,A
7.23037,6.91114,1,33.81752,-,-,H,-,H,H,-,A,A,A,A,A,A,-,-,-,H,H,-,A,-,-,-,A,A,A,H,A,A,-,-,-,H,A,A,A,-,A,-,H,-,A,-,A,-,-,A,-,H,H,H,H,-,A,A,A,-,H,H,H,-,H,H,-,-,-,H,-,-,H,H,H,H,-,H,A,A,A,H,H,-,A,A,-,A,A,-,H,A,-,-
4.24747,7.31227,0,25.6391,-,-,A,-,H,H,-,H,H,-,H,A,A,-,-,-,H,H,-,A,A,A,A,-,A,-,-,A,A,-,-,-,A,A,A,A,-,A,-,A,A,A,-,A,-,-,A,-,A,A,H,H,-,H,H,H,-,H,A,A,-,A,A,-,-,-,A,-,-,A,A,A,H,-,H,A,H,H,H,H,-,A,H,-,H,H,-,H,A,-,A
5.04972,6.40668,0,23.03445,-,-,-,-,A,-,-,H,H,H,-,H,A,-,-,-,A,A,-,A,A,A,-,A,H,H,H,H,A,-,-,-,H,H,A,A,-,A,-,H,H,H,-,A,-,-,H,-,A,-,A,H,-,A,A,A,-,A,A,A,-,-,H,-,-,-,H,-,-,H,H,A,A,-,A,A,A,H,A,A,-,A,H,-,H,H,-,A,A,-,A
5.81356,5.17071,0,26.18051,-,-,A,-,A,A,-,H,H,-,A,A,H,-,-,-,H,-,-,H,H,H,H,H,A,A,A,A,H,-,-,-,-,A,H,H,-,H,-,A,A,A,-,H,-,-,H,-,H,H,-,A,-,H,H,H,-,A,A,A,-,H,H,-,-,-,H,-,-,H,H,H,H,-,-,H,H,H,H,H,-,H,A,-,-,A,-,A,A,-,A
3.89311,2.42038,0,10.0149,-,-,A,-,A,A,-,H,H,H,H,H,A,-,-,-,H,H,-,H,H,H,H,H,H,H,H,H,H,-,-,-,A,A,A,A,-,A,-,A,A,A,-,-,-,-,A,-,A,A,A,A,-,A,A,A,-,H,H,-,-,A,A,-,-,-,A,-,-,A,-,A,H,-,H,A,A,H,H,H,-,A,H,-,H,A,-,A,A,-,A
5.19886,3.84155,0,20.66563,-,-,H,-,H,H,-,H,H,-,H,A,H,-,-,-,A,A,-,A,A,A,A,A,A,A,-,H,H,-,-,-,A,A,A,H,-,H,-,A,A,-,-,A,-,-,A,-,A,-,A,A,-,H,H,H,-,A,A,A,-,A,A,-,-,-,A,-,-,A,A,A,H,-,H,A,A,A,H,-,-,H,H,-,H,-,-,A,A,-,A
5.02084,4.72395,1,10.50407,-,-,H,-,H,H,-,A,A,A,-,A,A,-,-,-,H,A,-,A,-,A,A,-,A,A,A,A,A,-,-,-,H,H,A,A,-,A,-,A,A,H,-,H,-,-,H,-,A,H,H,H,-,H,A,A,-,H,H,H,-,H,-,-,-,-,H,-,-,H,A,A,-,-,A,A,A,A,-,H,-,A,A,-,H,-,-,H,H,-,H
7.10872,6.08115,1,18.31138,-,-,-,-,A,A,-,H,H,H,H,-,H,-,-,-,A,A,-,A,A,A,A,A,H,-,H,H,H,-,-,-,H,H,-,A,-,A,-,-,-,A,-,A,-,-,A,-,A,A,A,A,-,H,-,H,-,H,-,H,-,A,A,-,-,-,A,-,-,A,A,A,H,-,A,A,-,A,H,H,-,H,H,-,-,A,-,A,A,-,H
6.04833,5.60708,0,35.45622,-,-,H,-,A,H,-,H,H,H,-,H,A,-,-,-,A,A,-,A,A,A,A,A,A,A,H,-,H,-,-,-,H,H,A,A,-,A,-,H,H,H,-,H,-,-,H,-,A,A,A,A,-,H,H,H,-,A,A,A,-,A,A,-,-,-,A,-,-,A,A,A,A,-,A,H,H,H,A,A,-,-,H,-,H,H,-,A,A,-,-
5.39699,3.61127,0,19.41991,-,-,-,-,A,A,-,A,A,A,A,A,A,-,-,-,H,H,-,-,H,H,-,H,H,-,H,H,H,-,-,-,-,H,A,A,-,-,-,H,H,H,-,H,-,-,H,-,H,A,A,A,-,A,-,A,-,A,A,A,-,H,H,-,-,-,H,-,-,H,H,H,H,-,H,A,-,A,A,A,-,A,A,-,A,A,-,A,A,-,H
8.11498,7.77937,1,27.195,-,-,A,-,A,A,-,A,A,A,A,A,A,-,-,-,A,A,-,H,H,H,H,H,H,-,H,H,H,-,-,-,-,A,H,H,-,A,-,A,A,A,-,A,-,-,H,-,H,H,-,-,-,H,H,H,-,A,A,A,-,A,A,-,-,-,A,-,-,A,A,H,H,-,A,H,H,H,H,H,-,H,-,-,H,H,-,H,A,-,A
7.57369,4.85691,1,26.41144,-,-,A,-,A,A,-,H,-,H,H,A,A,-,-,-,H,A,-,A,A,A,A,A,A,A,A,H,H,-,-,-,H,H,A,-,-,A,-,H,H,A,-,H,-,-,H,-,A,A,A,A,-,H,H,H,-,H,H,H,-,A,A,-,-,-,A,-,-,A,A,A,A,-,A,A,H,H,H,H,-,A,A,-,A,A,-,A,A,-,H
5.49381,6.80028,0,38.50991,-,-,A,-,A,H,-,H,A,A,A,A,A,-,-,-,A,A,-,H,H,H,H,H,A,A,A,A,A,-,-,-,A,A,H,H,-,H,-,A,A,A,-,A,-,-,A,-,H,H,H,H,-,H,A,A,-,H,-,H,-,A,A,-,-,-,A,-,-,A,A,A,H,-,A,A,A,A,H,H,-,H,A,-,H,H,-,A,A,-,H
4.97593,4.92234,0,27.75753,-,-,H,-,-,A,-,A,A,A,A,-,H,-,-,-,H,H,-,A,A,A,A,A,A,A,A,A,A,-,-,-,H,-,H,H,-,H,-,A,A,A,-,H,-,-,H,-,A,A,A,A,-,A,-,A,-,H,-,H,-,H,A,-,-,-,-,-,-,A,A,A,A,-,A,H,H,H,H,-,-,A,H,-,H,H,-,A,-,-,A
7.59944,3.90474,0,28.70389,-,-,A,-,A,A,-,A,-,H,H,A,A,-,-,-,H,A,-,H,H,H,H,H,H,H,H,H,A,-,-,-,A,-,A,A,-,A,-,-,H,H,-,A,-,-,A,-,H,-,A,A,-,H,H,H,-,H,H,H,-,H,H,-,-,-,-,-,-,H,H,H,-,-,A,H,H,H,H,H,-,H,H,-,H,H,-,H,-,-,H
6.9237,7.37862,0,39.53765,-,-,H,-,H,H,-,A,A,A,A,A,H,-,-,-,H,H,-,A,A,A,A,A,A,A,A,H,A,-,-,-,-,A,A,-,-,H,-,H,H,H,-,A,-,-,A,-,A,A,A,A,-,H,H,H,-,A,A,A,-,A,A,-,-,-,A,-,-,H,H,H,-,-,H,-,A,A,H,H,-,H,-,-,H,H,-,H,H,-,A
7.60218,6.67576,1,11.33208,-,-,H,-,H,A,-,H,H,H,H,H,H,-,-,-,H,H,-,-,H,H,H,H,-,H,H,H,H,-,-,-,H,H,A,A,-,A,-,A,-,A,-,A,-,-,H,-,H,H,H,H,-,H,H,-,-,H,H,H,-,-,A,-,-,-,A,-,-,A,H,H,A,-,H,H,H,H,A,A,-,H,A,-,A,A,-,H,H,-,H
5.98831,6.22583,1,25.8591,-,-,A,-,A,A,-,A,A,A,A,A,A,-,-,-,H,-,-,A,A,A,A,A,A,A,A,H,H,-,-,-,H,H,A,H,-,A,-,A,A,A,-,A,-,-,A,-,H,-,H,H,-,H,H,H,-,A,A,-,-,H,H,-,-,-,-,-,-,H,H,A,A,-,H,A,A,A,A,A,-,A,H,-,H,H,-,H,A,-,A
8.27634,8.94728,1,33.42159,-,-,-,-,H,H,-,A,A,A,A,A,-,-,-,-,A,A,-,-,H,H,H,-,H,H,H,A,H,-,-,-,A,A,A,A,-,A,-,H,A,A,-,H,-,-,H,-,A,A,H,-,-,A,A,-,-,A,A,A,-,H,H,-,-,-,H,-,-,A,A,A,H,-,H,H,H,H,H,H,-,H,A,-,A,H,-,H,H,-,-
6.89006,7.67209,1,27.57607,-,-,A,-,H,A,-,A,-,H,H,H,H,-,-,-,A,A,-,A,A,A,A,A,A,A,A,-,H,-,-,-,H,A,A,A,-,A,-,H,A,A,-,H,-,-,H,-,A,A,A,-,-,-,A,A,-,A,A,H,-,A,A,-,-,-,A,-,-,H,H,H,H,-,H,H,H,A,-,H,-,A,H,-,H,H,-,H,H,-,-
4.9384,3.46316,0,14.30013,-,-,H,-,H,H,-,H,-,H,H,H,A,-,-,-,H,H,-,A,-,A,A,A,A,A,A,A,-,-,-,-,A,A,A,A,-,A,-,H,H,A,-,A,-,-,A,-,H,H,-,H,-,H,-,A,-,H,H,H,-,A,A,-,-,-,H,-,-,H,H,H,A,-,A,H,H,-,A,A,-,A,A,-,A,-,-,-,-,-,H
9.31086,11.97783,1,38.26613,-,-,A,-,H,H,-,A,A,H,H,H,A,-,-,-,H,H,-,H,-,H,H,H,H,H,H,A,H,-,-,-,H,H,A,A,-,A,-,A,-,H,-,-,-,-,H,-,H,A,A,A,-,H,H,H,-,H,H,A,-,H,H,-,-,-,H,-,-,H,H,H,A,-,-,H,H,A,A,A,-,A,H,-,H,H,-,H,A,-,A
8.09597,8.9725,1,17.85433,-,-,H,-,H,-,-,A,H,-,H,H,A,-,-,-,H,H,-,H,H,H,-,H,H,H,-,H,H,-,-,-,-,A,A,A,-,A,-,A,A,H,-,-,-,-,A,-,H,H,-,-,-,-,A,A,-,H,H,H,-,H,H,-,-,-,H,-,-,H,H,H,A,-,A,H,H,H,H,-,-,H,H,-,A,H,-,H,A,-,A
4.05914,4.32247,0,21.89757,-,-,A,-,A,H,-,A,A,-,A,A,H,-,-,-,H,H,-,A,A,A,-,A,A,A,-,A,-,-,-,-,H,H,A,-,-,A,-,A,A,H,-,A,-,-,A,-,A,A,-,H,-,A,A,H,-,A,A,H,-,H,H,-,-,-,H,-,-,-,H,H,A,-,A,A,A,A,A,A,-,H,-,-,H,H,-,H,A,-,H
5.21257,5.09324,0,14.89489,-,-,H,-,H,H,-,A,A,-,A,A,A,-,-,-,A,A,-,A,A,A,A,A,A,A,A,A,A,-,-,-,H,H,H,H,-,H,-,A,A,A,-,-,-,-,A,-,A,H,-,H,-,H,H,H,-,H,H,H,-,A,A,-,-,-,-,-,-,A,H,H,H,-,H,H,H,A,A,A,-,A,A,-,A,A,-,H,H,-,H
6.20502,4.78024,0,15.0474,-,-,A,-,H,H,-,H,H,H,H,H,A,-,-,-,A,A,-,H,H,H,H,H,H,H,H,H,A,-,-,-,H,-,A,H,-,A,-,A,A,H,-,H,-,-,-,-,A,-,H,H,-,A,A,H,-,A,A,-,-,A,A,-,-,-,A,-,-,A,A,A,A,-,A,A,A,A,A,A,-,A,-,-,H,H,-,H,H,-,H
6.61745,7.61229,0,36.47808,-,-,A,-,A,A,-,H,H,A,-,A,H,-,-,-,H,H,-,H,H,H,H,H,-,H,H,-,H,-,-,-,A,A,H,H,-,A,-,A,A,A,-,A,-,-,H,-,H,H,H,H,-,A,A,A,-,A,A,A,-,H,H,-,-,-,H,-,-,H,H,H,H,-,H,-,A,A,A,-,-,A,A,-,A,H,-,A,H,-,H
9.79467,9.7756,1,36.7836,-,-,H,-,-,A,-,H,H,H,H,H,-,-,-,-,H,A,-,A,A,A,A,A,A,-,A,-,H,-,-,-,H,H,H,H,-,A,-,A,A,H,-,H,-,-,H,-,A,A,H,H,-,A,A,A,-,H,H,H,-,H,-,-,-,-,H,-,-,H,H,H,H,-,H,H,H,A,A,A,-,-,H,-,H,H,-,A,H,-,A
6.9272,2.9227,0,26.55689,-,-,A,-,A,A,-,A,-,H,A,A,H,-,-,-,A,A,-,-,A,A,-,A,A,A,H,H,A,-,-,-,H,H,H,H,-,H,-,A,A,H,-,H,-,-,H,-,A,A,H,H,-,H,H,A,-,A,A,H,-,H,H,-,-,-,-,-,-,A,A,A,A,-,H,A,A,H,H,H,-,A,H,-,-,H,-,A,H,-,H
6.66849,3.72604,0,25.45341,-,-,-,-,A,A,-,A,H,H,H,H,A,-,-,-,H,H,-,H,H,H,H,H,H,H,H,H,H,-,-,-,H,H,A,H,-,H,-,H,H,H,-,A,-,-,A,-,H,H,H,-,-,H,A,A,-,H,-,-,-,-,A,-,-,-,A,-,-,A,A,A,A,-,A,A,-,A,-,A,-,A,-,-,A,A,-,A,H,-,H
5.09833,2.88111,0,18.17439,-,-,H,-,H,H,-,A,H,H,H,-,A,-,-,-,A,A,-,-,H,H,-,H,H,H,H,H,H,-,-,-,-,A,-,H,-,A,-,H,H,A,-,A,-,-,A,-,H,A,A,A,-,A,A,A,-,A,A,A,-,A,A,-,-,-,A,-,-,A,A,A,A,-,A,H,H,H,H,H,-,H,H,-,H,H,-,-,H,-,H
9.10116,5.75428,1,23.8925,-,-,H,-,A,A,-,H,H,A,A,A,H,-,-,-,-,A,-,H,H,H,H,H,H,H,H,H,H,-,-,-,A,H,H,H,-,-,-,H,-,H,-,H,-,-,-,-,H,H,H,A,-,A,A,A,-,A,A,A,-,A,A,-,-,-,A,-,-,-,A,H,H,-,H,H,H,H,H,A,-,A,H,-,H,H,-,H,H,-,-
3.80528,5.81982,0,25.79333,-,-,H,-,H,H,-,H,-,A,A,H,H,-,-,-,A,A,-,A,A,A,A,A,A,A,A,A,A,-,-,-,-,A,A,A,-,A,-,H,H,H,-,A,-,-,H,-,H,H,H,A,-,H,H,H,-,A,A,A,-,H,H,-,-,-,H,-,-,H,H,H,H,-,A,H,H,H,H,H,-,H,H,-,H,H,-,-,H,-,H
7.84292,9.22471,1,20.50851,-,-,H,-,H,H,-,H,H,H,H,H,-,-,-,-,H,H,-,H,H,H,H,H,H,H,H,A,A,-,-,-,-,A,H,H,-,A,-,-,A,A,-,H,-,-,H,-,-,H,A,A,-,A,H,A,-,A,A,A,-,A,-,-,-,-,A,-,-,A,A,-,H,-,H,A,A,A,A,A,-,A,A,-,A,-,-,H,H,-,-
7.3675,6.94156,0,34.7936,-,-,H,-,H,H,-,A,A,A,A,-,H,-,-,-,H,A,-,H,H,H,H,H,H,H,A,A,A,-,-,-,A,A,-,A,-,H,-,A,A,A,-,A,-,-,-,-,H,H,A,A,-,A,-,A,-,A,A,-,-,H,H,-,-,-,H,-,-,H,H,H,-,-,A,A,A,A,A,A,-,A,H,-,H,-,-,H,A,-,-
7.55069,6.73019,1,12.98424,-,-,H,-,H,-,-,H,H,H,H,H,A,-,-,-,A,A,-,A,A,A,A,A,A,A,A,A,A,-,-,-,H,-,A,A,-,H,-,A,A,A,-,-,-,-,-,-,A,H,H,H,-,A,A,A,-,A,A,A,-,A,A,-,-,-,A,-,-,A,A,A,-,-,A,-,H,H,H,H,-,A,A,-,A,A,-,H,A,-,A
6.44462,7.58612,0,35.44803,-,-,A,-,A,-,-,A,H,H,H,H,H,-,-,-,A,A,-,H,H,-,H,-,H,H,H,H,A,-,-,-,H,H,A,A,-,H,-,A,A,A,-,H,-,-,H,-,A,-,A,H,-,A,A,H,-,H,H,H,-,H,H,-,-,-,H,-,-,H,A,A,A,-,H,A,A,A,H,H,-,H,A,-,A,-,-,H,-,-,A
7.59618,6.90344,1,28.72337,-,-,A,-,A,A,-,A,A,-,A,A,A,-,-,-,H,H,-,H,H,H,-,H,H,H,H,H,-,-,-,-,A,A,A,-,-,A,-,A,A,-,-,H,-,-,H,-,A,A,-,-,-,H,H,H,-,A,A,A,-,H,H,-,-,-,H,-,-,-,-,A,-,-,H,H,H,H,A,-,-,H,H,-,H,H,-,-,H,-,A
7.27003,8.04949,1,34.64446,-,-,H,-,H,H,-,A,A,A,A,A,H,-,-,-,H,H,-,A,A,A,A,-,A,A,A,A,A,-,-,-,A,A,A,A,-,A,-,A,H,-,-,A,-,-,A,-,H,H,A,A,-,A,-,A,-,H,H,H,-,A,A,-,-,-,A,-,-,A,A,A,A,-,A,H,H,A,A,A,-,A,H,-,H,-,-,A,A,-,A
8.23193,6.93846,1,20.69909,-,-,H,-,A,A,-,H,A,A,A,A,H,-,-,-,A,A,-,A,A,A,H,H,H,H,A,A,-,-,-,-,H,H,H,H,-,A,-,-,-,H,-,H,-,-,H,-,A,H,-,H,-,A,H,H,-,A,-,A,-,H,H,-,-,-,H,-,-,H,A,H,H,-,H,A,A,-,A,A,-,H,H,-,H,H,-,A,A,-,A
6.63748,5.7017,0,29.78177,-,-,-,-,A,A,-,H,A,A,H,H,H,-,-,-,H,H,-,A,A,A,A,A,A,-,A,H,H,-,-,-,H,H,A,-,-,H,-,H,H,H,-,A,-,-,A,-,H,H,H,H,-,H,H,H,-,A,A,-,-,A,A,-,-,-,A,-,-,A,A,A,H,-,H,H,H,H,A,A,-,A,H,-,H,H,-,A,A,-,A
7.64681,6.94914,1,32.4511,-,-,H,-,H,A,-,H,H,H,H,-,H,-,-,-,A,A,-,H,H,-,H,H,H,H,H,H,-,-,-,-,H,H,-,H,-,H,-,H,-,H,-,A,-,-,A,-,A,A,A,A,-,H,H,A,-,A,A,A,-,-,H,-,-,-,H,-,-,H,A,A,H,-,-,H,H,A,A,A,-,A,H,-,H,H,-,A,H,-,A
5.88517,6.72637,0,32.8905,-,-,-,-,A,A,-,A,A,-,H,H,H,-,-,-,H,H,-,H,H,H,H,H,H,H,H,H,-,-,-,-,A,A,H,H,-,H,-,H,H,A,-,A,-,-,A,-,H,H,-,A,-,H,-,H,-,A,-,H,-,-,H,-,-,-,H,-,-,-,H,H,A,-,A,A,A,A,A,A,-,A,H,-,A,-,-,H,H,-,H
4.46864,6.08583,0,20.53934,-,-,-,-,-,A,-,H,H,H,H,H,H,-,-,-,A,A,-,H,H,H,H,H,H,H,H,H,H,-,-,-,A,H,A,A,-,H,-,H,H,H,-,H,-,-,-,-,H,H,H,H,-,H,H,A,-,H,H,H,-,H,H,-,-,-,H,-,-,H,H,H,H,-,H,A,A,A,H,H,-,H,A,-,A,H,-,H,H,-,H
9.29343,6.58058,1,32.64244,-,-,H,-,H,H,-,H,H,H,-,H,-,-,-,-,A,A,-,H,H,H,-,H,H,H,H,H,H,-,-,-,-,A,A,H,-,H,-,H,A,H,-,A,-,-,H,-,A,A,A,-,-,A,A,-,-,A,-,H,-,H,H,-,-,-,H,-,-,H,A,H,A,-,H,H,H,A,H,H,-,A,A,-,A,A,-,H,A,-,A
7.40834,6.32195,0,21.51846,-,-,A,-,A,-,-,H,H,H,H,H,H,-,-,-,A,A,-,H,H,H,H,H,H,H,H,H,H,-,-,-,H,A,H,H,-,H,-,-,H,A,-,A,-,-,A,-,H,H,A,A,-,H,A,H,-,H,H,H,-,A,A,-,-,-,A,-,-,A,A,H,A,-,A,A,A,A,H,H,-,-,A,-,-,H,-,H,H,-,H
6.31568,5.88324,0,20.93881,-,-,H,-,H,A,-,H,A,A,-,A,A,-,-,-,A,A,-,A,A,-,A,A,-,A,A,A,A,-,-,-,H,H,A,A,-,H,-,H,H,-,-,H,-,-,H,-,H,H,-,H,-,-,H,H,-,-,A,A,-,H,H,-,-,-,H,-,-,-,H,A,H,-,-,-,-,A,H,H,-,H,H,-,H,H,-,H,H,-,H
3.61278,0.59261,0,10.06344,-,-,H,-,H,A,-,H,H,-,H,A,H,-,-,-,H,H,-,A,A,A,A,A,A,-,A,H,H,-,-,-,A,-,A,A,-,A,-,-,H,A,-,A,-,-,A,-,H,-,A,A,-,H,H,A,-,H,H,H,-,H,H,-,-,-,H,-,-,H,H,H,H,-,H,A,A,A,A,A,-,-,H,-,A,A,-,A,H,-,H
3.22607,2.96913,0,11.55399,-,-,-,-,H,H,-,A,A,-,A,A,A,-,-,-,H,H,-,A,A,A,-,A,A,A,A,A,A,-,-,-,H,H,A,-,-,-,-,A,A,H,-,A,-,-,H,-,H,H,A,H,-,H,H,H,-,A,A,A,-,A,A,-,-,-,A,-,-,A,A,H,H,-,H,H,H,H,H,H,-,H,-,-,H,H,-,-,A,-,A
6.44951,6.03019,1,26.9192,-,-,H,-,H,H,-,A,A,A,-,A,H,-,-,-,A,A,-,A,A,A,A,-,A,A,H,H,H,-,-,-,H,A,-,A,-,A,-,H,H,-,-,A,-,-,A,-,A,A,H,H,-,-,A,A,-,A,A,H,-,A,A,-,-,-,H,-,-,H,H,H,H,-,A,-,-,H,A,H,-,A,H,-,A,A,-,A,A,-,A
5.21598,6.7017,1,17.36561,-,-,A,-,-,H,-,-,H,H,A,A,H,-,-,-,A,H,-,A,A,A,A,A,A,A,A,H,H,-,-,-,H,H,H,H,-,H,-,H,H,H,-,-,-,-,A,-,A,H,H,H,-,A,A,A,-,A,A,A,-,H,H,-,-,-,H,-,-,H,-,H,H,-,A,H,H,H,A,A,-,A,H,-,H,H,-,A,H,-,A
8.49566,7.66529,1,31.66281,-,-,A,-,-,A,-,H,H,H,H,H,A,-,-,-,A,H,-,A,A,A,A,-,A,A,A,A,A,-,-,-,A,A,-,H,-,H,-,A,A,H,-,A,-,-,A,-,H,H,A,-,-,H,H,H,-,H,H,-,-,A,A,-,-,-,A,-,-,A,A,A,H,-,H,A,A,A,A,-,-,A,A,-,-,-,-,H,A,-,A
3.62746,3.38212,0,14.36881,-,-,H,-,A,-,-,H,H,H,H,H,A,-,-,-,A,A,-,H,H,H,-,H,H,H,H,H,H,-,-,-,H,H,H,H,-,A,-,-,A,A,-,A,-,-,A,-,A,A,A,A,-,H,A,A,-,A,A,A,-,A,A,-,-,-,A,-,-,A,A,A,A,-,H,A,A,A,H,H,-,A,H,-,H,H,-,A,H,-,-
6.12716,2.78156,0,29.03119,-,-,H,-,H,H,-,H,H,H,H,H,H,-,-,-,H,H,-,H,H,H,A,A,A,A,H,H,H,-,-,-,H,H,A,A,-,A,-,A,A,-,-,A,-,-,H,-,A,A,A,A,-,A,A,A,-,H,H,H,-,H,H,-,-,-,H,-,-,H,H,H,A,-,-,A,H,H,H,H,-,-,A,-,A,A,-,A,-,-,H
3.74743,2.92945,0,11.97621,-,-,A,-,A,A,-,H,H,H,H,H,-,-,-,-,A,H,-,H,H,H,-,H,A,-,A,A,H,-,-,-,H,H,H,H,-,H,-,H,H,H,-,A,-,-,A,-,A,A,H,A,-,A,A,A,-,A,A,A,-,H,H,-,-,-,H,-,-,H,H,H,H,-,H,-,H,H,H,H,-,H,H,-,H,H,-,H,H,-,H
6.09388,4.994,1,27.6081,-,-,A,-,H,H,-,A,A,A,A,A,H,-,-,-,A,A,-,H,H,H,H,H,H,H,H,H,-,-,-,-,A,A,-,H,-,H,-,A,A,A,-,A,-,-,A,-,A,A,H,H,-,H,H,-,-,H,H,H,-,A,A,-,-,-,A,-,-,H,-,H,H,-,H,A,-,A,H,-,-,A,A,-,-,-,-,H,H,-,H
6.68018,4.6584,1,16.81723,-,-,A,-,A,A,-,A,H,A,A,A,H,-,-,-,A,A,-,H,H,H,H,H,H,H,A,H,H,-,-,-,H,H,H,H,-,H,-,A,A,H,-,H,-,-,H,-,A,A,A,-,-,H,H,H,-,H,H,H,-,A,A,-,-,-,A,-,-,-,A,A,A,-,A,H,H,H,H,H,-,A,A,-,A,A,-,H,A,-,H
5.80735,8.26317,1,38.21949,-,-,H,-,H,A,-,H,A,H,H,H,H,-,-,-,A,-,-,A,A,-,A,A,A,A,A,A,A,-,-,-,A,-,H,H,-,H,-,H,H,H,-,A,-,-,A,-,-,A,H,H,-,A,H,A,-,H,H,A,-,A,A,-,-,-,A,-,-,H,H,-,H,-,-,H,A,A,H,H,-,A,H,-,H,H,-,A,H,-,H
4.61427,4.6886,0,33.12176,-,-,A,-,A,A,-,A,A,A,H,H,H,-,-,-,-,A,-,A,A,A,A,A,-,A,A,A,A,-,-,-,A,A,A,A,-,A,-,H,H,H,-,A,-,-,-,-,H,A,A,H,-,H,H,H,-,A,A,A,-,A,A,-,-,-,A,-,-,A,A,A,A,-,A,A,-,A,A,A,-,A,H,-,H,A,-,H,-,-,H
4.56691,5.37984,0,19.94112,-,-,H,-,H,-,-,H,A,A,A,-,A,-,-,-,A,H,-,H,-,H,H,H,H,-,H,A,A,-,-,-,A,A,H,H,-,H,-,A,A,A,-,A,-,-,A,-,H,H,A,H,-,H,H,H,-,H,H,H,-,A,-,-,-,-,A,-,-,A,A,A,H,-,H,H,H,A,A,-,-,A,H,-,-,H,-,H,A,-,A
3.89481,4.43682,0,24.32684,-,-,H,-,H,H,-,A,A,A,A,A,-,-,-,-,-,A,-,A,A,A,A,A,-,A,A,A,A,-,-,-,A,A,H,H,-,H,-,H,H,H,-,H,-,-,-,-,H,-,A,A,-,H,A,-,-,H,H,H,-,H,-,-,-,-,A,-,-,A,A,A,-,-,H,-,A,A,-,H,-,A,A,-,A,A,-,-,A,-,H
6.07774,9.38438,1,36.77896,-,-,-,-,H,H,-,H,-,H,H,H,A,-,-,-,H,A,-,A,A,A,A,-,A,A,A,A,A,-,-,-,H,H,A,A,-,A,-,H,H,H,-,A,-,-,A,-,A,A,A,A,-,H,H,H,-,A,A,H,-,H,H,-,-,-,H,-,-,H,H,H,A,-,H,A,A,A,H,H,-,H,H,-,H,H,-,H,A,-,A
7.35728,6.12917,0,30.47186,-,-,A,-,A,-,-,A,A,H,H,H,A,-,-,-,-,-,-,H,H,H,-,H,H,H,H,H,H,-,-,-,A,A,A,A,-,A,-,A,A,H,-,A,-,-,A,-,H,H,A,A,-,H,H,H,-,H,H,H,-,H,H,-,-,-,H,-,-,A,A,A,A,-,A,H,A,A,A,A,-,H,H,-,-,A,-,A,A,-,A
7.76492,5.00074,0,31.50418,-,-,A,-,A,A,-,-,H,H,H,H,H,-,-,-,H,A,-,-,H,H,H,H,H,H,-,H,H,-,-,-,A,A,H,H,-,H,-,H,H,H,-,A,-,-,H,-,H,H,H,H,-,H,H,H,-,H,H,H,-,A,A,-,-,-,A,-,-,A,A,A,H,-,-,A,A,-,H,H,-,H,A,-,H,A,-,A,H,-,A
7.54159,6.90416,0,29.45844,-,-,-,-,H,A,-,H,H,H,H,H,A,-,-,-,H,H,-,H,H,H,H,H,H,H,H,H,-,-,-,-,H,H,H,H,-,A,-,H,H,H,-,A,-,-,A,-,A,A,H,-,-,A,A,H,-,H,H,H,-,H,-,-,-,-,H,-,-,A,-,A,-,-,A,H,H,H,A,A,-,A,A,-,A,A,-,A,-,-,A
5.70848,6.0136,0,30.8623,-,-,A,-,A,A,-,H,H,-,A,A,H,-,-,-,H,-,-,H,H,H,H,H,-,-,H,H,A,-,-,-,A,-,A,-,-,-,-,H,H,H,-,A,-,-,H,-,A,A,-,H,-,A,A,A,-,A,A,A,-,H,H,-,-,-,-,-,-,-,H,A,A,-,H,A,-,H,H,H,-,H,-,-,A,A,-,H,A,-,A
4.94024,7.52562,0,32.74927,-,-,A,-,A,A,-,A,A,A,A,A,A,-,-,-,H,H,-,A,A,-,A,A,-,A,A,A,H,-,-,-,-,A,A,A,-,A,-,H,H,H,-,H,-,-,H,-,H,H,-,H,-,H,H,H,-,A,A,A,-,A,A,-,-,-,A,-,-,A,A,H,A,-,A,A,H,A,H,H,-,H,A,-,A,A,-,A,H,-,H
3.07173,2.27369,0,10.41608,-,-,H,-,A,A,-,H,H,H,H,H,H,-,-,-,H,H,-,H,H,H,H,H,H,H,H,H,-,-,-,-,H,A,-,H,-,H,-,H,H,A,-,A,-,-,A,-,-,H,H,A,-,A,A,A,-,-,H,H,-,A,-,-,-,-,A,-,-,A,A,A,-,-,H,H,A,A,A,A,-,A,-,-,A,A,-,H,H,-,H
8.46809,9.65201,1,28.97643,-,-,A,-,A,A,-,H,H,H,H,A,H,-,-,-,H,H,-,H,H,H,H,H,H,-,-,A,H,-,-,-,A,A,H,H,-,H,-,A,A,A,-,H,-,-,H,-,H,H,H,H,-,H,A,A,-,H,-,H,-,A,-,-,-,-,A,-,-,A,A,A,-,-,A,A,-,A,A,A,-,H,H,-,H,H,-,H,A,-,H
2.93726,4.1745,0,18.97883,-,-,H,-,H,A,-,H,H,H,H,H,A,-,-,-,H,H,-,A,A,A,A,A,A,A,A,A,A,-,-,-,-,H,-,H,-,A,-,H,H,H,-,A,-,-,A,-,H,H,A,A,-,H,H,H,-,A,A,A,-,H,H,-,-,-,H,-,-,A,A,-,A,-,A,A,A,A,A,A,-,A,H,-,A,A,-,A,-,-,-
5.92623,6.72627,0,29.70498,-,-,H,-,A,-,-,A,A,-,A,H,H,-,-,-,A,A,-,A,A,A,A,A,A,A,A,A,H,-,-,-,A,A,A,-,-,A,-,H,H,-,-,A,-,-,-,-,A,A,A,A,-,A,H,H,-,H,H,H,-,H,H,-,-,-,H,-,-,H,H,A,A,-,A,A,A,A,A,A,-,A,H,-,H,H,-,A,A,-,A
6.93551,4.44742,1,25.32913,-,-,-,-,A,A,-,A,A,A,A,A,A,-,-,-,H,H,-,A,A,A,A,-,A,A,H,H,H,-,-,-,A,A,-,-,-,H,-,A,A,A,-,H,-,-,H,-,A,A,H,H,-,H,H,-,-,A,A,A,-,H,H,-,-,-,-,-,-,H,H,H,A,-,-,-,A,A,A,A,-,A,H,-,H,H,-,H,H,-,H
5.25042,5.69131,0,36.8766,-,-,A,-,A,A,-,H,H,H,H,-,H,-,-,-,A,A,-,H,H,H,H,H,H,H,H,-,H,-,-,-,H,-,A,A,-,H,-,H,H,H,-,A,-,-,H,-,H,-,A,A,-,H,A,A,-,A,A,A,-,-,H,-,-,-,H,-,-,H,H,A,H,-,H,H,H,H,A,A,-,H,A,-,A,A,-,A,A,-,H
5.37341,6.06177,0,35.64988,-,-,A,-,H,A,-,A,H,A,A,A,H,-,-,-,-,A,-,A,A,-,A,A,A,A,A,-,A,-,-,-,H,H,H,H,-,H,-,H,H,H,-,A,-,-,A,-,H,-,A,A,-,A,H,H,-,A,A,H,-,H,H,-,-,-,H,-,-,H,H,H,A,-,A,H,H,A,A,A,-,H,H,-,H,A,-,A,H,-,H
3.56324,6.63572,0,35.2724,-,-,A,-,A,A,-,-,H,H,H,H,A,-,-,-,H,H,-,A,A,A,A,A,A,A,A,A,A,-,-,-,H,H,-,A,-,A,-,H,-,H,-,A,-,-,A,-,A,A,-,A,-,A,-,A,-,H,H,H,-,A,A,-,-,-,A,-,-,H,H,A,A,-,-,A,A,-,H,H,-,H,-,-,H,H,-,H,H,-,H
6.48947,4.87699,0,23.05212,-,-,H,-,A,H,-,H,H,A,A,A,H,-,-,-,H,H,-,A,A,-,A,A,A,A,-,A,H,-,-,-,H,H,H,H,-,A,-,H,-,H,-,A,-,-,A,-,H,H,H,H,-,H,H,A,-,H,H,A,-,A,A,-,-,-,A,-,-,A,-,H,H,-,H,H,H,A,A,A,-,A,A,-,A,A,-,A,A,-,A
4.87435,4.85314,1,14.69074,-,-,A,-,A,A,-,H,H,H,H,H,A,-,-,-,H,H,-,A,A,A,A,A,A,A,H,H,-,-,-,-,-,H,H,H,-,H,-,H,H,H,-,H,-,-,H,-,-,H,A,A,-,H,A,A,-,-,H,A,-,-,A,-,-,-,A,-,-,-,A,A,A,-,H,H,H,-,A,A,-,H,-,-,H,H,-,A,A,-,A
8.38842,6.32715,1,28.01163,-,-,A,-,A,A,-,A,A,A,A,A,A,-,-,-,H,H,-,H,H,H,H,H,H,H,H,H,H,-,-,-,A,H,A,A,-,A,-,A,A,A,-,A,-,-,H,-,A,H,H,H,-,H,H,A,-,A,A,A,-,H,H,-,-,-,H,-,-,A,A,A,A,-,H,H,H,H,A,A,-,A,A,-,A,A,-,A,A,-,A
6.67585,6.5753,0,34.49204,-,-,-,-,-,A,-,A,H,-,H,H,H,-,-,-,H,H,-,H,H,H,H,H,H,H,H,H,A,-,-,-,H,H,A,A,-,A,-,A,A,A,-,H,-,-,H,-,A,A,A,-,-,A,A,H,-,A,A,A,-,H,H,-,-,-,H,-,-,A,H,H,A,-,A,A,A,H,H,-,-,A,H,-,H,H,-,A,H,-,H
9.2154,7.80611,1,24.91671,-,-,A,-,H,-,-,H,H,A,A,A,H,-,-,-,H,H,-,A,A,A,A,A,A,A,A,A,A,-,-,-,H,H,H,H,-,H,-,H,H,H,-,A,-,-,A,-,H,H,H,H,-,H,H,H,-,H,-,H,-,H,H,-,-,-,H,-,-,-,H,H,H,-,H,A,A,A,H,H,-,A,H,-,H,H,-,A,H,-,H
8.41946,8.31135,1,18.81809,-,-,A,-,A,A,-,H,H,H,A,A,H,-,-,-,A,A,-,-,H,H,-,H,H,H,H,A,A,-,-,-,H,H,A,A,-,A,-,H,A,A,-,-,-,-,H,-,H,H,H,A,-,A,A,A,-,H,H,A,-,H,H,-,-,-,A,-,-,A,A,A,A,-,H,A,A,A,A,A,-,H,A,-,A,A,-,A,H,-,H
6.66682,4.66138,0,27.41936,-,-,H,-,H,H,-,A,A,-,A,-,H,-,-,-,A,A,-,H,H,H,H,H,H,H,H,H,H,-,-,-,H,H,A,A,-,A,-,A,A,A,-,-,-,-,A,-,H,H,-,H,-,H,A,H,-,A,A,A,-,H,H,-,-,-,H,-,-,H,-,H,A,-,A,H,H,-,H,-,-,A,A,-,A,A,-,H,H,-,A
9.40166,9.1372,1,38.37378,-,-,A,-,A,A,-,A,A,A,A,-,H,-,-,-,H,H,-,-,H,H,H,H,H,H,H,H,H,-,-,-,A,A,A,A,-,A,-,H,H,H,-,A,-,-,-,-,H,H,-,H,-,A,A,A,-,A,A,-,-,A,A,-,-,-,A,-,-,A,A,A,H,-,H,A,A,H,H,H,-,H,H,-,H,H,-,H,-,-,-
2.4327,2.59215,0,12.17544,-,-,H,-,H,-,-,-,H,H,H,H,H,-,-,-,H,H,-,A,-,A,A,-,A,A,A,A,A,-,-,-,A,A,H,H,-,H,-,A,A,A,-,H,-,-,H,-,A,A,A,A,-,A,A,A,-,A,A,-,-,A,A,-,-,-,A,-,-,A,A,A,H,-,H,A,-,A,H,H,-,-,H,-,H,H,-,H,H,-,A
5.76409,4.43144,0,14.41153,-,-,A,-,H,H,-,H,H,H,H,H,A,-,-,-,H,H,-,H,H,H,H,H,H,H,A,A,A,-,-,-,H,H,A,A,-,A,-,H,H,A,-,H,-,-,H,-,A,H,H,H,-,H,H,H,-,-,A,-,-,-,A,-,-,-,A,-,-,A,-,A,A,-,A,H,H,H,H,H,-,H,A,-,A,-,-,H,A,-,A
5.31095,4.59816,0,18.80688,-,-,H,-,A,A,-,A,H,H,H,H,-,-,-,-,A,H,-,A,A,A,A,-,-,A,A,A,A,-,-,-,A,A,H,H,-,H,-,A,A,H,-,A,-,-,A,-,A,H,H,H,-,H,H,H,-,H,-,H,-,H,H,-,-,-,H,-,-,H,H,H,H,-,H,-,H,H,A,H,-,H,-,-,A,A,-,H,H,-,H
4.58152,2.63857,0,18.41683,-,-,H,-,H,-,-,A,A,A,A,A,H,-,-,-,-,H,-,A,-,A,A,A,A,A,-,-,H,-,-,-,A,A,H,-,-,H,-,A,A,A,-,A,-,-,H,-,H,H,H,H,-,H,A,H,-,A,A,H,-,-,H,-,-,-,-,-,-,H,H,A,A,-,-,H,H,-,H,H,-,-,A,-,H,H,-,A,-,-,-
8.60445,6.50008,1,32.4443,-,-,H,-,-,A,-,A,A,A,A,A,A,-,-,-,H,H,-,H,-,-,H,H,-,H,H,H,H,-,-,-,-,A,A,A,-,A,-,A,A,H,-,H,-,-,A,-,A,-,A,A,-,A,H,H,-,A,A,A,-,A,A,-,-,-,A,-,-,A,H,H,-,-,A,-,H,H,A,A,-,A,A,-,A,A,-,A,A,-,H
4.18072,2.78442,0,12.63361,-,-,A,-,A,A,-,H,-,H,H,H,A,-,-,-,A,A,-,-,A,A,A,A,A,A,A,H,H,-,-,-,A,A,H,H,-,-,-,A,A,A,-,H,-,-,H,-,H,H,H,H,-,A,A,-,-,H,H,H,-,A,A,-,-,-,A,-,-,A,A,A,A,-,H,A,A,A,H,H,-,A,A,-,A,A,-,H,H,-,H
8.042,9.67876,1,31.05509,-,-,A,-,A,A,-,A,-,H,H,H,A,-,-,-,H,H,-,A,A,A,A,A,A,A,A,A,A,-,-,-,H,H,A,A,-,A,-,A,A,A,-,A,-,-,H,-,H,H,H,H,-,H,H,H,-,H,H,H,-,A,A,-,-,-,H,-,-,-,H,H,H,-,H,A,H,H,-,A,-,A,H,-,A,A,-,H,A,-,H
5.75149,9.62107,0,37.86875,-,-,A,-,-,H,-,A,A,A,A,H,H,-,-,-,A,A,-,A,A,A,A,A,H,H,H,H,A,-,-,-,H,H,A,A,-,A,-,A,A,A,-,H,-,-,-,-,H,H,A,A,-,-,-,H,-,A,A,-,-,A,A,-,-,-,-,-,-,A,H,H,A,-,A,H,A,H,A,A,-,A,A,-,A,A,-,A,H,-,H
8.87854,8.74056,1,38.08547,-,-,A,-,A,H,-,H,H,H,H,A,A,-,-,-,H,H,-,-,H,H,H,H,H,H,H,H,H,-,-,-,A,A,H,H,-,A,-,H,H,A,-,-,-,-,A,-,A,A,A,A,-,A,A,A,-,A,A,A,-,A,A,-,-,-,A,-,-,H,H,H,A,-,A,H,H,A,H,H,-,H,H,-,H,H,-,H,A,-,A
7.27982,8.80425,1,36.53898,-,-,A,-,H,H,-,-,A,H,H,A,H,-,-,-,-,A,-,H,H,H,H,-,H,H,H,H,-,-,-,-,H,H,-,H,-,H,-,A,A,A,-,A,-,-,A,-,A,H,H,H,-,A,A,A,-,A,A,A,-,H,H,-,-,-,H,-,-,H,H,H,A,-,A,A,A,A,A,A,-,A,A,-,A,H,-,H,H,-,H
6.08351,5.03873,0,20.54702,-,-,H,-,A,A,-,A,A,A,A,H,A,-,-,-,A,A,-,H,H,H,H,H,H,H,H,H,H,-,-,-,H,H,H,H,-,H,-,-,H,H,-,H,-,-,H,-,H,-,H,-,-,H,H,H,-,A,A,H,-,A,A,-,-,-,A,-,-,A,A,H,H,-,H,H,H,H,H,-,-,A,A,-,A,A,-,H,H,-,-
7.7932,8.15448,1,22.39287,-,-,-,-,H,H,-,H,-,A,H,H,H,-,-,-,A,A,-,A,A,A,A,A,A,A,A,H,H,-,-,-,A,A,H,H,-,H,-,-,-,A,-,A,-,-,A,-,A,H,H,-,-,A,A,A,-,-,H,H,-,A,A,-,-,-,A,-,-,A,A,A,H,-,H,A,H,A,A,A,-,H,A,-,A,A,-,A,H,-,H
8.28433,7.46336,1,27.17044,-,-,A,-,A,A,-,H,H,H,H,H,-,-,-,-,H,H,-,H,-,H,-,A,-,-,H,H,A,-,-,-,A,-,A,-,-,A,-,-,H,H,-,H,-,-,H,-,H,H,H,H,-,H,H,H,-,H,H,H,-,A,A,-,-,-,A,-,-,A,A,-,H,-,A,A,A,A,H,H,-,A,H,-,A,A,-,A,A,-,-
5.282,4.40843,0,14.24291,-,-,H,-,H,A,-,H,H,H,H,A,A,-,-,-,H,H,-,H,H,H,-,H,H,H,H,-,-,-,-,-,A,A,H,H,-,H,-,H,H,A,-,A,-,-,A,-,-,A,H,A,-,H,H,-,-,A,A,A,-,H,H,-,-,-,H,-,-,-,H,H,H,-,A,A,A,A,A,A,-,-,H,-,H,H,-,-,H,-,H
3.67427,6.2439,1,22.65419,-,-,H,-,H,H,-,A,A,A,A,A,-,-,-,-,H,H,-,A,A,A,A,A,A,A,A,A,-,-,-,-,A,A,H,H,-,-,-,-,A,A,-,H,-,-,H,-,-,A,H,H,-,A,A,A,-,A,A,A,-,H,H,-,-,-,H,-,-,H,H,H,A,-,A,A,A,A,A,-,-,A,H,-,A,-,-,H,A,-,A
5.91533,6.89317,0,26.68415,-,-,A,-,H,H,-,-,A,A,H,A,A,-,-,-,A,A,-,A,A,A,A,A,A,A,-,A,A,-,-,-,H,H,H,H,-,-,-,H,H,H,-,H,-,-,A,-,A,A,A,A,-,-,A,A,-,-,H,H,-,A,A,-,-,-,A,-,-,A,A,-,A,-,A,H,H,H,A,A,-,H,H,-,H,A,-,A,H,-,A
5.18833,4.43482,1,12.09509,-,-,A,-,H,A,-,A,A,A,A,A,H,-,-,-,H,H,-,A,A,A,A,A,A,A,-,-,A,-,-,-,H,H,H,A,-,A,-,A,A,A,-,H,-,-,H,-,A,H,H,H,-,H,H,H,-,A,A,-,-,H,H,-,-,-,-,-,-,H,H,H,A,-,A,-,H,H,-,-,-,H,H,-,H,H,-,-,A,-,A
6.57583,3.05057,0,29.35809,-,-,H,-,A,A,-,H,A,A,H,-,H,-,-,-,A,-,-,A,A,A,A,A,A,A,A,A,H,-,-,-,A,A,-,-,-,A,-,H,H,A,-,H,-,-,H,-,H,-,H,H,-,A,A,A,-,H,H,H,-,A,A,-,-,-,A,-,-,A,A,A,H,-,H,-,A,A,-,H,-,H,H,-,H,H,-,H,A,-,A
5.47344,6.94837,0,33.76234,-,-,H,-,A,A,-,A,H,H,H,H,A,-,-,-,A,A,-,H,H,H,H,A,A,-,A,A,A,-,-,-,H,H,H,H,-,A,-,-,H,H,-,H,-,-,A,-,A,A,-,A,-,A,A,A,-,-,A,A,-,-,H,-,-,-,H,-,-,H,H,H,H,-,H,A,A,A,H,H,-,H,A,-,A,A,-,H,H,-,A
6.44246,5.62039,1,20.31053,-,-,A,-,A,A,-,A,A,A,A,H,H,-,-,-,A,-,-,A,-,A,A,A,A,A,A,A,A,-,-,-,A,A,H,A,-,A,-,A,A,A,-,H,-,-,A,-,H,H,H,H,-,A,A,A,-,-,H,H,-,H,H,-,-,-,H,-,-,H,H,H,A,-,A,H,H,H,-,H,-,A,H,-,A,A,-,A,H,-,H
7.54775,8.16184,1,31.60149,-,-,-,-,A,-,-,-,H,H,H,H,H,-,-,-,H,H,-,H,H,H,H,H,H,H,H,H,A,-,-,-,H,H,A,A,-,A,-,A,A,A,-,H,-,-,H,-,A,A,H,H,-,-,A,-,-,H,H,H,-,-,H,-,-,-,H,-,-,H,H,H,H,-,H,H,H,H,H,H,-,H,A,-,A,A,-,A,A,-,A
5.28328,5.57704,0,28.33912,-,-,H,-,-,H,-,A,A,A,A,A,H,-,-,-,A,A,-,A,A,A,A,A,A,A,H,H,H,-,-,-,A,A,H,A,-,A,-,A,A,A,-,H,-,-,H,-,A,A,A,A,-,A,H,H,-,A,A,A,-,A,A,-,-,-,A,-,-,H,-,H,A,-,-,A,A,A,H,H,-,A,A,-,-,A,-,A,H,-,H
4.97104,4.10971,0,24.02298,-,-,-,-,A,-,-,A,A,A,A,H,H,-,-,-,A,-,-,H,H,H,H,H,H,H,A,H,-,-,-,-,H,H,A,A,-,A,-,H,A,A,-,H,-,-,H,-,A,A,H,H,-,H,H,H,-,-,A,H,-,H,H,-,-,-,H,-,-,H,H,-,H,-,H,H,H,H,A,A,-,A,-,-,A,A,-,A,A,-,A
4.86101,5.42566,1,24.6009,-,-,A,-,A,H,-,A,A,A,A,A,A,-,-,-,H,H,-,-,H,H,H,H,H,H,A,A,H,-,-,-,H,H,H,-,-,H,-,H,H,H,-,H,-,-,-,-,A,A,A,A,-,H,H,A,-,-,H,H,-,A,A,-,-,-,A,-,-,A,A,A,H,-,H,A,H,H,A,-,-,H,H,-,H,H,-,A,-,-,H
8.3071,9.08673,0,35.99755,-,-,H,-,H,H,-,A,H,H,H,H,A,-,-,-,A,A,-,H,H,H,H,H,-,-,H,H,H,-,-,-,-,-,A,A,-,-,-,H,H,H,-,-,-,-,H,-,-,H,H,H,-,H,H,H,-,H,H,H,-,A,A,-,-,-,A,-,-,A,-,A,H,-,H,H,H,H,A,A,-,A,H,-,H,H,-,H,A,-,A
7.53792,7.58718,1,32.95452,-,-,A,-,H,H,-,H,H,-,H,H,A,-,-,-,A,A,-,H,H,H,H,H,H,H,A,A,H,-,-,-,H,-,A,A,-,A,-,H,H,H,-,H,-,-,A,-,H,H,A,A,-,A,A,A,-,H,A,A,-,A,A,-,-,-,A,-,-,A,-,A,H,-,-,A,-,A,H,H,-,H,H,-,H,-,-,-,H,-,A
5.48807,5.01013,0,34.84583,-,-,A,-,A,A,-,A,-,H,A,A,A,-,-,-,H,H,-,H,H,H,H,H,H,H,H,H,H,-,-,-,A,A,-,H,-,H,-,H,H,A,-,A,-,-,H,-,A,A,-,A,-,A,A,A,-,H,H,-,-,A,A,-,-,-,A,-,-,A,A,A,A,-,-,H,H,H,A,A,-,H,H,-,-,H,-,H,A,-,A
6.53743,6.16522,1,29.23449,-,-,-,-,A,A,-,A,-,A,A,A,H,-,-,-,A,A,-,H,H,H,H,H,H,H,H,H,H,-,-,-,A,A,A,A,-,H,-,H,H,H,-,H,-,-,H,-,A,A,A,A,-,H,H,-,-,H,H,A,-,-,H,-,-,-,A,-,-,A,A,A,H,-,H,A,A,A,A,A,-,A,-,-,A,A,-,H,H,-,H
9.48142,8.38506,0,37.36857,-,-,A,-,H,H,-,H,H,H,H,A,A,-,-,-,A,A,-,A,A,A,-,A,-,-,A,A,A,-,-,-,H,H,-,H,-,H,-,H,-,H,-,-,-,-,A,-,H,H,A,A,-,-,H,H,-,H,H,H,-,A,A,-,-,-,A,-,-,A,A,-,A,-,A,A,H,H,A,A,-,H,A,-,A,A,-,H,A,-,A
6.68533,8.10137,1,20.14828,-,-,A,-,A,A,-,H,H,H,H,H,H,-,-,-,H,H,-,A,A,A,A,A,A,A,A,A,A,-,-,-,A,H,A,A,-,H,-,H,H,A,-,-,-,-,A,-,H,H,H,H,-,-,H,A,-,A,A,A,-,A,A,-,-,-,-,-,-,H,-,H,H,-,H,H,A,A,H,-,-,A,H,-,A,A,-,A,H,-,H
6.60481,5.55781,1,12.87092,-,-,A,-,A,H,-,H,H,-,H,-,A,-,-,-,A,A,-,H,H,H,H,H,H,H,H,-,H,-,-,-,A,H,H,H,-,A,-,A,A,A,-,H,-,-,H,-,H,H,H,A,-,H,H,H,-,A,A,-,-,A,A,-,-,-,A,-,-,A,A,A,A,-,A,A,H,H,H,H,-,A,A,-,A,A,-,A,H,-,A
6.45747,7.80823,0,30.26701,-,-,H,-,H,H,-,A,A,A,A,A,H,-,-,-,H,H,-,H,H,H,H,H,H,H,A,-,H,-,-,-,A,A,A,A,-,A,-,A,A,A,-,H,-,-,A,-,H,H,-,A,-,A,A,A,-,-,A,A,-,H,H,-,-,-,H,-,-,H,H,H,H,-,H,H,H,H,-,H,-,H,H,-,H,H,-,A,H,-,A
5.61458,6.06145,1,26.48445,-,-,H,-,H,H,-,A,A,A,A,A,A,-,-,-,A,A,-,H,H,H,-,H,H,H,H,H,A,-,-,-,-,H,A,A,-,A,-,H,H,A,-,A,-,-,H,-,H,H,A,A,-,A,A,A,-,A,A,A,-,A,A,-,-,-,A,-,-,A,-,-,H,-,A,A,A,A,H,-,-,A,H,-,H,H,-,H,A,-,A
6.23717,6.30838,0,31.00996,-,-,H,-,H,H,-,A,A,A,H,H,H,-,-,-,A,A,-,H,H,H,H,H,H,H,H,H,A,-,-,-,A,A,H,H,-,H,-,H,H,H,-,A,-,-,A,-,A,A,A,H,-,H,H,H,-,H,H,A,-,H,-,-,-,-,H,-,-,H,H,H,A,-,A,A,A,A,A,A,-,A,A,-,A,H,-,A,-,-,H
5.07262,5.38325,1,20.2986,-,-,H,-,H,H,-,A,A,-,A,A,H,-,-,-,A,A,-,A,A,A,A,A,A,A,A,A,A,-,-,-,H,H,H,H,-,H,-,-,-,H,-,H,-,-,H,-,A,A,A,H,-,H,A,-,-,H,H,H,-,H,H,-,-,-,H,-,-,H,H,H,H,-,H,H,H,H,-,A,-,H,H,-,H,H,-,A,H,-,H
4.07829,4.79404,1,10.04923,-,-,H,-,H,H,-,A,A,A,A,A,H,-,-,-,H,H,-,H,H,H,H,H,H,H,A,A,A,-,-,-,A,H,-,A,-,A,-,-,A,-,-,-,-,-,H,-,H,-,-,-,-,H,H,H,-,H,H,A,-,H,H,-,-,-,H,-,-,H,H,H,H,-,H,H,H,H,-,H,-,A,A,-,A,A,-,A,-,-,-
6.47043,2.29298,1,26.57761,-,-,A,-,A,A,-,A,A,A,A,A,A,-,-,-,H,H,-,A,A,A,A,A,-,A,A,A,H,-,-,-,A,H,H,H,-,H,-,A,A,A,-,A,-,-,A,-,A,A,A,A,-,A,A,A,-,H,H,A,-,H,H,-,-,-,H,-,-,H,H,-,H,-,-,A,A,A,H,H,-,H,A,-,A,H,-,A,-,-,A
7.88551,7.88555,1,21.91013,-,-,A,-,A,-,-,H,H,H,-,H,A,-,-,-,A,A,-,-,A,A,A,A,A,-,A,A,A,-,-,-,A,-,H,H,-,H,-,H,H,H,-,A,-,-,A,-,A,H,H,A,-,H,A,H,-,H,H,A,-,A,A,-,-,-,A,-,-,A,A,A,A,-,A,-,H,A,A,A,-,A,H,-,A,H,-,-,H,-,H
7.54928,6.71258,1,13.66129,-,-,H,-,H,H,-,H,H,H,H,-,H,-,-,-,H,A,-,H,H,H,-,H,-,H,H,H,H,-,-,-,H,H,-,A,-,A,-,A,A,H,-,H,-,-,A,-,A,H,H,H,-,H,H,H,-,H,H,H,-,H,H,-,-,-,H,-,-,H,A,A,A,-,H,-,H,H,-,A,-,A,A,-,A,A,-,H,H,-,H
7.86956,6.67355,0,37.39413,-,-,H,-,H,A,-,H,H,H,H,H,H,-,-,-,A,A,-,-,H,H,H,-,H,H,H,H,-,-,-,-,A,-,A,A,-,A,-,H,H,H,-,H,-,-,H,-,A,A,A,A,-,H,H,H,-,H,H,H,-,A,-,-,-,-,-,-,-,A,A,A,A,-,A,H,H,H,H,H,-,A,A,-,A,A,-,A,H,-,-
8.02029,8.54271,1,29.05526,-,-,A,-,A,A,-,H,A,H,H,A,H,-,-,-,A,H,-,-,H,H,H,H,H,H,H,H,H,-,-,-,A,A,H,H,-,-,-,A,A,A,-,A,-,-,A,-,-,H,A,H,-,A,A,H,-,A,A,A,-,H,H,-,-,-,-,-,-,H,H,H,H,-,H,H,A,A,-,H,-,H,A,-,H,H,-,A,H,-,H
6.70509,6.22474,1,34.96427,-,-,A,-,A,A,-,A,A,-,A,A,H,-,-,-,H,H,-,A,A,A,A,A,A,A,A,A,A,-,-,-,H,H,H,H,-,H,-,-,H,H,-,A,-,-,H,-,A,A,A,A,-,-,H,-,-,H,H,H,-,A,A,-,-,-,A,-,-,A,A,A,A,-,H,H,A,A,A,A,-,A,H,-,A,A,-,A,H,-,H
4.16851,6.78005,0,30.10904,-,-,-,-,H,H,-,A,H,A,H,H,A,-,-,-,-,H,-,-,A,A,A,-,A,A,A,A,A,-,-,-,A,H,H,A,-,A,-,A,A,A,-,H,-,-,H,-,H,H,H,-,-,H,-,H,-,A,A,A,-,H,H,-,-,-,H,-,-,-,H,H,A,-,A,-,A,H,A,A,-,-,A,-,A,A,-,-,A,-,A
7.78112,5.60581,1,20.49001,-,-,H,-,H,H,-,-,-,H,H,-,-,-,-,-,H,H,-,H,H,H,H,H,H,-,H,H,H,-,-,-,H,H,A,A,-,A,-,H,H,A,-,H,-,-,H,-,A,A,A,-,-,H,H,H,-,A,A,H,-,A,A,-,-,-,A,-,-,A,A,-,A,-,A,H,H,A,A,A,-,-,-,-,-,A,-,H,H,-,H
7.33923,6.64025,1,33.38248,-,-,H,-,H,H,-,A,A,A,A,A,H,-,-,-,-,-,-,H,H,H,H,H,H,H,H,-,-,-,-,-,A,A,A,A,-,A,-,A,A,-,-,H,-,-,A,-,H,H,H,H,-,-,A,A,-,-,A,H,-,A,-,-,-,-,A,-,-,A,A,A,A,-,A,H,-,H,A,A,-,H,A,-,-,H,-,-,A,-,A
7.90845,10.19172,0,39.16391,-,-,H,-,H,A,-,-,A,H,H,H,A,-,-,-,A,A,-,H,H,H,H,H,-,H,H,A,H,-,-,-,H,-,H,H,-,H,-,H,H,H,-,H,-,-,A,-,A,H,H,H,-,A,A,-,-,A,A,H,-,A,A,-,-,-,A,-,-,-,A,A,A,-,A,H,-,A,H,-,-,H,A,-,A,A,-,A,H,-,A
4.96896,6.02044,0,34.74964,-,-,A,-,H,A,-,H,-,H,H,H,A,-,-,-,H,H,-,H,H,-,H,H,H,H,H,H,H,-,-,-,A,A,A,A,-,A,-,H,A,H,-,H,-,-,-,-,A,A,A,A,-,A,A,A,-,A,A,-,-,A,A,-,-,-,A,-,-,-,A,A,H,-,H,H,A,A,A,A,-,H,-,-,H,H,-,H,H,-,A
6.82013,6.60553,1,18.89345,-,-,A,-,A,A,-,H,H,H,H,H,H,-,-,-,H,H,-,H,H,H,H,H,H,H,-,-,A,-,-,-,A,-,H,H,-,H,-,A,A,H,-,H,-,-,H,-,-,A,A,H,-,H,H,H,-,A,A,A,-,H,H,-,-,-,H,-,-,-,-,A,H,-,H,H,H,A,H,H,-,-,H,-,H,H,-,A,H,-,H
9.59081,8.55517,1,35.272,-,-,A,-,A,A,-,H,H,H,H,H,-,-,-,-,-,A,-,H,H,H,H,H,H,H,H,-,H,-,-,-,A,A,A,-,-,H,-,A,A,H,-,A,-,-,A,-,A,A,A,A,-,A,A,A,-,H,H,H,-,H,H,-,-,-,H,-,-,H,H,H,H,-,A,A,A,A,A,A,-,A,A,-,-,A,-,A,H,-,H
6.79554,3.66268,0,26.67645,-,-,H,-,A,A,-,A,A,A,A,A,-,-,-,-,-,-,-,-,H,H,-,H,H,H,H,H,H,-,-,-,H,H,H,H,-,H,-,H,A,A,-,A,-,-,A,-,A,A,A,A,-,H,H,H,-,H,H,-,-,H,H,-,-,-,H,-,-,H,-,H,A,-,H,A,A,-,A,A,-,A,H,-,H,H,-,H,H,-,H
9.27453,8.72731,1,31.52053,-,-,-,-,A,A,-,-,H,H,H,H,-,-,-,-,A,H,-,-,H,H,H,H,H,H,H,H,H,-,-,-,H,H,H,-,-,H,-,H,H,H,-,H,-,-,H,-,-,A,A,A,-,A,A,A,-,A,A,A,-,H,H,-,-,-,H,-,-,H,H,H,H,-,A,A,H,A,A,A,-,H,H,-,H,H,-,A,H,-,H
7.94356,8.51156,0,36.54774,-,-,A,-,A,A,-,A,A,A,A,A,A,-,-,-,H,H,-,H,H,H,H,H,H,H,H,H,A,-,-,-,H,A,H,H,-,A,-,A,A,A,-,H,-,-,H,-,H,H,H,H,-,H,H,H,-,H,-,H,-,A,A,-,-,-,A,-,-,A,A,A,A,-,-,A,A,A,H,H,-,A,H,-,H,H,-,H,H,-,H
7.9247,5.95269,1,38.38181,-,-,A,-,-,A,-,A,A,-,A,A,H,-,-,-,H,-,-,H,H,H,H,H,H,H,H,H,H,-,-,-,H,H,A,-,-,H,-,A,A,A,-,A,-,-,A,-,A,A,A,H,-,A,A,H,-,A,A,A,-,-,H,-,-,-,H,-,-,H,H,H,A,-,H,H,H,H,A,A,-,-,A,-,A,A,-,A,H,-,H
4.94384,4.5432,0,21.94016,-,-,H,-,H,H,-,A,A,A,A,A,A,-,-,-,-,-,-,A,A,A,A,A,-,-,-,H,A,-,-,-,A,A,A,A,-,H,-,-,A,A,-,A,-,-,A,-,A,A,H,H,-,A,A,A,-,-,A,A,-,H,H,-,-,-,H,-,-,A,A,H,A,-,H,H,H,A,A,A,-,-,H,-,A,A,-,H,H,-,H
5.45139,0.99736,1,10.31958,-,-,H,-,H,A,-,H,A,A,A,A,A,-,-,-,H,-,-,H,H,H,H,H,H,-,H,H,H,-,-,-,H,H,A,A,-,A,-,H,A,A,-,H,-,-,H,-,H,A,H,H,-,H,H,-,-,H,H,H,-,A,A,-,-,-,A,-,-,A,A,A,H,-,H,A,-,A,H,H,-,H,H,-,H,H,-,-,H,-,A
8.18128,10.42164,1,39.03537,-,-,H,-,H,H,-,A,A,-,-,A,H,-,-,-,A,A,-,H,-,H,H,H,H,H,-,A,-,-,-,-,H,H,H,H,-,H,-,H,H,H,-,A,-,-,A,-,H,H,A,-,-,A,A,A,-,A,A,H,-,A,A,-,-,-,A,-,-,A,A,-,H,-,A,A,H,H,H,H,-,H,H,-,H,-,-,A,A,-,A
5.77844,5.41546,0,36.35873,-,-,H,-,H,A,-,H,-,A,A,A,H,-,-,-,A,A,-,A,-,A,A,A,A,A,A,H,A,-,-,-,H,-,A,-,-,A,-,H,H,H,-,H,-,-,H,-,-,A,A,-,-,A,A,A,-,H,H,H,-,A,A,-,-,-,A,-,-,A,H,H,H,-,A,H,A,A,H,H,-,H,A,-,A,A,-,H,H,-,H
7.84401,7.30901,1,13.39523,-,-,-,-,H,A,-,-,H,H,H,H,H,-,-,-,H,H,-,H,H,H,H,H,H,H,H,A,A,-,-,-,H,H,A,A,-,A,-,A,-,H,-,H,-,-,H,-,H,H,H,H,-,H,H,H,-,H,H,H,-,H,H,-,-,-,H,-,-,H,H,A,H,-,H,A,-,A,H,H,-,H,A,-,A,A,-,-,H,-,H
7.657,8.46006,1,36.32094,-,-,A,-,A,A,-,A,A,A,-,A,H,-,-,-,H,H,-,H,H,H,H,H,H,H,H,H,-,-,-,-,A,A,H,H,-,H,-,A,A,-,-,-,-,-,A,-,-,A,A,H,-,A,A,H,-,H,-,H,-,-,H,-,-,-,A,-,-,-,-,A,H,-,H,H,H,H,A,A,-,A,H,-,H,H,-,A,H,-,-
5.83863,4.85381,1,34.31708,-,-,A,-,A,A,-,A,A,A,A,A,-,-,-,-,H,H,-,A,A,A,A,A,-,A,A,A,-,-,-,-,A,A,A,A,-,H,-,H,H,A,-,H,-,-,A,-,A,A,A,H,-,H,H,H,-,H,H,H,-,A,A,-,-,-,A,-,-,H,H,H,-,-,A,-,A,A,H,H,-,A,H,-,A,A,-,A,-,-,A
4.41616,4.17316,1,14.99293,-,-,A,-,A,A,-,A,A,A,-,H,A,-,-,-,A,A,-,A,A,A,A,A,A,A,A,A,A,-,-,-,H,-,A,A,-,H,-,A,A,H,-,A,-,-,A,-,A,A,A,A,-,A,-,A,-,H,H,H,-,H,H,-,-,-,H,-,-,H,H,H,A,-,H,H,H,A,-,H,-,H,A,-,A,-,-,H,H,-,H
4.49688,1.68693,0,13.58953,-,-,A,-,A,-,-,A,A,H,H,H,A,-,-,-,-,-,-,A,A,A,A,A,-,-,-,A,H,-,-,-,H,H,A,A,-,A,-,H,H,H,-,A,-,-,A,-,H,H,H,-,-,A,H,H,-,H,A,H,-,A,A,-,-,-,A,-,-,A,A,H,A,-,A,-,A,A,H,-,-,H,A,-,-,H,-,H,H,-,-
5.50064,4.8517,1,16.57115,-,-,A,-,A,A,-,A,A,-,-,H,A,-,-,-,A,A,-,H,-,H,H,H,H,H,H,H,H,-,-,-,A,A,H,H,-,H,-,A,-,A,-,H,-,-,A,-,H,A,-,-,-,A,A,A,-,H,H,H,-,H,H,-,-,-,H,-,-,H,H,-,H,-,H,-,H,H,H,H,-,A,A,-,A,A,-,A,H,-,H
4.7211,3.06593,0,15.70268,-,-,H,-,A,A,-,H,H,A,A,A,H,-,-,-,A,A,-,A,A,A,A,A,A,A,A,A,H,-,-,-,A,A,H,H,-,H,-,H,H,H,-,A,-,-,A,-,H,-,H,A,-,H,H,H,-,H,H,H,-,-,H,-,-,-,H,-,-,A,A,A,-,-,H,A,H,H,A,-,-,A,A,-,A,-,-,H,H,-,A
4.49687,4.72529,1,14.32989,-,-,A,-,A,A,-,A,H,A,A,H,H,-,-,-,H,H,-,A,A,A,A,A,A,A,A,A,A,-,-,-,H,H,H,H,-,A,-,A,A,A,-,H,-,-,H,-,H,H,H,H,-,A,A,H,-,H,H,A,-,A,A,-,-,-,-,-,-,A,A,A,H,-,H,H,H,H,H,H,-,H,A,-,A,A,-,H,H,-,H
6.54864,5.6426,0,21.56736,-,-,H,-,H,H,-,A,H,H,H,H,H,-,-,-,H,H,-,-,-,H,H,H,-,H,H,H,H,-,-,-,A,A,H,H,-,H,-,H,H,A,-,A,-,-,A,-,A,-,H,H,-,A,A,A,-,A,A,A,-,A,A,-,-,-,-,-,-,A,A,H,H,-,H,H,H,H,H,H,-,-,H,-,H,H,-,H,H,-,H
6.46973,6.39816,0,21.37647,-,-,H,-,H,A,-,H,A,A,A,A,H,-,-,-,H,H,-,A,A,A,A,A,-,A,A,A,A,-,-,-,H,H,H,H,-,A,-,A,A,A,-,H,-,-,H,-,H,H,H,H,-,A,A,A,-,H,H,-,-,H,H,-,-,-,H,-,-,H,H,H,A,-,A,A,A,A,A,A,-,-,-,-,H,H,-,A,-,-,H
6.38698,4.94705,1,18.54102,-,-,H,-,H,-,-,-,A,A,-,A,H,-,-,-,A,A,-,H,H,H,H,H,H,H,H,H,H,-,-,-,H,A,A,A,-,A,-,H,-,H,-,-,-,-,A,-,H,H,H,H,-,A,A,A,-,A,-,A,-,H,H,-,-,-,H,-,-,-,H,H,H,-,H,H,H,H,A,A,-,A,H,-,H,H,-,H,H,-,H
5.79672,2.75311,0,16.96802,-,-,H,-,-,H,-,A,A,A,A,H,A,-,-,-,-,A,-,A,A,A,A,-,A,A,A,-,A,-,-,-,H,H,A,A,-,A,-,A,H,H,-,H,-,-,A,-,A,A,H,-,-,A,A,A,-,H,H,H,-,A,A,-,-,-,A,-,-,A,A,A,H,-,A,A,A,H,A,A,-,A,-,-,H,H,-,-,A,-,H
6.65699,6.77077,1,20.79332,-,-,A,-,H,H,-,-,H,A,A,A,H,-,-,-,H,H,-,A,A,A,-,A,A,A,-,A,-,-,-,-,A,A,-,-,-,H,-,H,H,-,-,A,-,-,A,-,A,A,A,A,-,A,A,A,-,-,H,A,-,H,H,-,-,-,H,-,-,-,H,A,H,-,H,H,H,H,H,H,-,H,-,-,A,A,-,H,A,-,H
4.40859,4.19541,0,25.96149,-,-,-,-,H,H,-,A,-,A,-,A,H,-,-,-,A,A,-,A,-,A,A,A,A,A,A,-,A,-,-,-,-,-,H,H,-,-,-,H,H,A,-,H,-,-,H,-,A,A,A,A,-,H,H,H,-,-,H,A,-,H,H,-,-,-,H,-,-,A,A,A,A,-,H,A,A,A,A,H,-,A,-,-,H,H,-,H,H,-,H
7.88677,7.19703,1,19.52522,-,-,A,-,H,H,-,-,H,-,H,H,A,-,-,-,H,H,-,H,H,H,H,H,H,H,H,H,-,-,-,-,A,A,A,A,-,-,-,-,-,A,-,H,-,-,H,-,A,-,A,A,-,A,A,A,-,H,H,H,-,H,H,-,-,-,-,-,-,H,H,H,A,-,A,H,H,H,A,A,-,A,H,-,-,H,-,A,A,-,H
5.86226,2.72928,0,14.14424,-,-,A,-,A,A,-,H,A,H,H,-,A,-,-,-,H,H,-,H,H,H,H,H,H,H,H,H,H,-,-,-,H,H,H,H,-,A,-,H,H,H,-,A,-,-,A,-,H,H,A,-,-,A,H,A,-,A,A,A,-,H,H,-,-,-,H,-,-,H,H,H,H,-,A,H,H,A,-,H,-,A,H,-,A,-,-,A,H,-,A
9.34158,11.90309,1,39.88245,-,-,A,-,H,A,-,H,H,A,A,A,H,-,-,-,H,H,-,A,A,A,A,A,A,A,A,A,A,-,-,-,H,H,H,H,-,A,-,A,A,A,-,H,-,-,A,-,A,H,H,-,-,H,H,H,-,H,H,H,-,A,-,-,-,-,H,-,-,H,H,A,H,-,H,H,H,H,A,A,-,A,H,-,H,H,-,A,H,-,H
6.57532,7.02296,1,13.10982,-,-,H,-,-,A,-,H,H,H,H,A,A,-,-,-,H,H,-,H,H,H,H,H,H,H,H,H,H,-,-,-,H,A,H,H,-,H,-,A,-,A,-,-,-,-,A,-,H,H,H,H,-,H,H,H,-,H,H,-,-,H,H,-,-,-,H,-,-,H,H,H,A,-,A,-,A,A,H,H,-,H,-,-,-,A,-,H,A,-,H
5.30414,6.47142,0,25.23885,-,-,H,-,H,A,-,H,H,-,H,A,H,-,-,-,H,H,-,A,A,A,A,A,A,A,A,A,A,-,-,-,H,H,A,A,-,A,-,A,A,A,-,A,-,-,-,-,H,H,H,H,-,H,H,H,-,A,-,A,-,A,A,-,-,-,A,-,-,A,A,A,A,-,H,A,A,A,A,A,-,A,A,-,A,A,-,H,H,-,H
5.54574,6.62763,0,23.67122,-,-,H,-,A,H,-,A,A,A,A,-,H,-,-,-,A,A,-,-,A,-,A,-,-,A,A,A,A,-,-,-,H,H,H,H,-,H,-,H,H,H,-,H,-,-,A,-,H,H,A,-,-,A,A,H,-,H,-,H,-,H,H,-,-,-,H,-,-,H,H,H,A,-,H,-,A,A,A,A,-,-,A,-,A,A,-,A,H,-,H
3.96349,2.70337,0,15.93775,-,-,H,-,H,H,-,A,A,A,A,A,H,-,-,-,H,H,-,A,A,A,A,A,A,A,A,A,A,-,-,-,H,A,A,A,-,A,-,H,H,-,-,H,-,-,H,-,H,H,H,H,-,H,H,H,-,H,H,H,-,A,A,-,-,-,A,-,-,A,A,A,H,-,H,H,A,H,A,A,-,A,H,-,H,H,-,H,H,-,H
5.00805,3.80228,0,16.79054,-,-,H,-,H,H,-,A,A,A,A,-,H,-,-,-,H,H,-,A,A,A,A,A,A,A,A,A,A,-,-,-,-,H,H,H,-,H,-,A,A,A,-,H,-,-,H,-,A,-,A,A,-,H,H,H,-,A,A,A,-,A,A,-,-,-,A,-,-,A,A,A,A,-,A,A,A,A,A,A,-,A,A,-,A,A,-,H,-,-,H
3.66495,3.31803,0,10.09851,-,-,H,-,H,H,-,A,A,A,A,A,A,-,-,-,A,A,-,A,A,A,A,A,-,A,A,H,H,-,-,-,A,A,A,A,-,-,-,A,A,A,-,-,-,-,H,-,H,H,H,H,-,A,A,A,-,A,A,-,-,H,H,-,-,-,H,-,-,H,A,A,H,-,H,H,H,A,H,H,-,A,H,-,H,H,-,-,A,-,A
7.0794,10.49124,1,22.28978,-,-,-,-,A,A,-,H,H,H,H,A,A,-,-,-,A,A,-,A,A,A,A,A,-,A,A,A,A,-,-,-,A,A,H,H,-,H,-,-,H,A,-,A,-,-,A,-,H,H,-,A,-,A,A,A,-,H,H,-,-,A,A,-,-,-,A,-,-,A,A,A,H,-,H,H,H,H,A,A,-,A,A,-,A,A,-,H,H,-,H
5.26782,5.75645,0,23.58655,-,-,A,-,A,A,-,H,H,H,H,H,A,-,-,-,A,A,-,H,H,H,H,H,H,H,H,H,H,-,-,-,H,H,H,H,-,A,-,H,H,A,-,H,-,-,A,-,H,-,H,H,-,H,A,A,-,H,H,H,-,H,H,-,-,-,H,-,-,A,A,A,A,-,H,A,A,A,A,-,-,A,-,-,A,A,-,A,A,-,A
6.31013,7.36377,0,33.50744,-,-,H,-,H,A,-,A,H,-,H,H,H,-,-,-,A,A,-,H,H,H,H,H,H,H,H,A,A,-,-,-,H,H,-,H,-,H,-,H,H,H,-,H,-,-,A,-,-,-,-,H,-,A,A,A,-,-,H,A,-,H,H,-,-,-,H,-,-,H,-,H,H,-,H,H,A,A,H,H,-,H,A,-,A,-,-,H,-,-,H
1.80476,4.61403,0,10.90737,-,-,A,-,H,H,-,A,A,A,A,A,A,-,-,-,A,A,-,H,H,H,H,H,H,H,A,A,A,-,-,-,A,A,H,H,-,H,-,A,A,H,-,A,-,-,H,-,A,A,H,-,-,A,A,A,-,H,H,H,-,H,H,-,-,-,H,-,-,H,H,A,A,-,A,A,-,H,H,A,-,A,H,-,H,H,-,A,A,-,H
3.17388,6.39957,0,24.77597,-,-,H,-,H,H,-,-,A,A,A,A,A,-,-,-,H,H,-,-,A,A,A,A,A,A,-,A,A,-,-,-,H,H,A,A,-,A,-,A,A,A,-,A,-,-,A,-,A,A,H,H,-,H,H,H,-,A,A,A,-,A,A,-,-,-,-,-,-,A,-,A,H,-,H,H,H,A,H,H,-,H,-,-,H,H,-,A,H,-,H
6.36421,5.4686,1,13.20998,-,-,A,-,A,A,-,H,H,H,H,-,H,-,-,-,A,H,-,A,A,A,A,A,A,A,A,A,A,-,-,-,A,-,H,H,-,H,-,H,H,H,-,A,-,-,A,-,A,A,H,H,-,A,A,-,-,A,A,A,-,-,A,-,-,-,A,-,-,A,A,A,H,-,H,H,H,H,A,A,-,H,A,-,H,-,-,H,A,-,A
7.69616,8.37769,1,32.86841,-,-,H,-,-,H,-,A,-,H,H,H,A,-,-,-,H,-,-,H,H,H,H,H,H,H,H,H,H,-,-,-,A,H,A,H,-,-,-,H,H,H,-,H,-,-,H,-,H,A,A,A,-,A,A,A,-,H,-,A,-,H,H,-,-,-,-,-,-,-,H,H,H,-,A,A,A,-,H,H,-,H,H,-,H,A,-,H,A,-,H
4.34145,5.98385,0,20.45487,-,-,A,-,H,H,-,H,H,A,A,A,H,-,-,-,A,H,-,A,-,A,A,A,A,A,A,A,A,-,-,-,A,A,A,A,-,A,-,A,-,A,-,H,-,-,H,-,A,A,A,-,-,A,A,-,-,A,A,A,-,H,H,-,-,-,H,-,-,H,H,H,H,-,H,A,A,A,A,A,-,A,A,-,A,A,-,A,-,-,A
7.90031,7.44684,0,38.78582,-,-,H,-,-,-,-,H,H,H,H,H,H,-,-,-,A,A,-,A,A,A,A,A,A,A,A,A,A,-,-,-,A,A,A,A,-,A,-,H,A,A,-,-,-,-,A,-,H,-,A,A,-,A,A,A,-,H,H,H,-,A,A,-,-,-,A,-,-,A,A,A,H,-,H,A,A,A,H,H,-,H,-,-,-,A,-,A,A,-,A
7.87334,9.55417,1,29.00564,-,-,H,-,H,H,-,-,H,H,H,H,A,-,-,-,A,H,-,H,-,H,H,H,H,H,A,A,A,-,-,-,A,A,A,A,-,A,-,A,-,A,-,H,-,-,-,-,H,H,H,H,-,-,H,H,-,A,A,A,-,H,H,-,-,-,H,-,-,H,H,H,A,-,H,H,H,-,A,A,-,H,A,-,A,A,-,A,A,-,H
8.89141,10.90615,1,38.05862,-,-,H,-,H,H,-,H,H,H,H,-,A,-,-,-,H,H,-,A,A,A,A,A,A,A,-,A,A,-,-,-,A,A,H,-,-,A,-,H,H,H,-,A,-,-,A,-,A,A,A,A,-,H,A,-,-,A,-,H,-,H,H,-,-,-,H,-,-,H,A,A,A,-,-,H,H,H,H,H,-,H,-,-,A,A,-,H,A,-,A
4.02937,7.07149,0,23.07871,-,-,H,-,H,H,-,A,H,H,H,A,A,-,-,-,H,H,-,A,A,-,-,A,A,A,A,A,A,-,-,-,H,H,H,H,-,H,-,H,-,A,-,A,-,-,A,-,H,H,H,H,-,A,A,A,-,A,A,A,-,A,-,-,-,-,A,-,-,A,A,H,H,-,A,A,A,A,A,A,-,A,A,-,A,-,-,-,A,-,A
4.82767,5.79806,0,37.80007,-,-,H,-,H,A,-,A,A,A,A,A,A,-,-,-,H,H,-,A,A,A,-,A,-,A,A,A,A,-,-,-,A,A,A,A,-,H,-,A,A,A,-,A,-,-,A,-,H,H,H,H,-,A,A,A,-,-,A,A,-,-,H,-,-,-,H,-,-,H,H,A,A,-,A,A,H,A,H,H,-,-,A,-,A,A,-,H,H,-,A
5.48369,4.29991,0,15.12607,-,-,-,-,A,A,-,H,H,H,H,H,A,-,-,-,H,H,-,A,A,A,A,A,A,A,A,A,H,-,-,-,A,H,H,A,-,A,-,A,A,A,-,A,-,-,A,-,A,H,H,H,-,H,A,-,-,A,A,A,-,H,H,-,-,-,H,-,-,H,H,A,H,-,H,-,A,A,H,H,-,A,A,-,H,H,-,A,H,-,H
6.36942,8.37438,1,20.16602,-,-,A,-,A,A,-,-,A,A,A,A,H,-,-,-,H,H,-,A,A,A,-,A,-,-,A,A,A,-,-,-,H,H,H,H,-,-,-,A,A,A,-,H,-,-,A,-,H,H,H,H,-,H,H,H,-,A,A,A,-,H,H,-,-,-,H,-,-,H,-,H,A,-,A,A,A,A,H,H,-,H,-,-,A,A,-,A,A,-,A
5.98202,5.19968,0,30.32359,-,-,H,-,A,A,-,H,H,A,A,A,-,-,-,-,H,H,-,H,H,H,H,H,H,H,A,A,H,-,-,-,A,A,H,H,-,H,-,A,-,A,-,A,-,-,A,-,H,H,H,H,-,H,H,H,-,A,A,A,-,A,-,-,-,-,A,-,-,A,A,A,H,-,H,A,H,H,H,H,-,A,A,-,A,A,-,A,H,-,H
