phenotype,sex,pgm,D1M430,D1M318,D1M212,D1M437,D1M490,D1M15,D1M17,D2M359,D2M241,D2M336,D2M398,D2M51,D3M227,D3M10,D3M17,D4M286,D4M145,D4M12,D4M310,D5M13,D5M354,D5M391,D5M81,D5M233,D5M394,D5M197,D5M157,D5M406,D5M285,D6M264,D6M29,D6M36,D6M194,D6M201,D7M190,D7M310,D7M301,D7M285,D8M4,D8M46,D8M80,D8M42,D9M191,D9M352,D9M22,D9M133,D9M355,D9M18,D10M166,D10M44,D10M68,D10M14,D11M20,D11M245,D11M67,D11M12,D12M168,D12M210,D12M52,D12M101,D12M8,D13M236,D13M17,D13M115,D13M59,D13M266,D13M88,D13M91,D13M248,D13M254,D13M106,D13M77,D14M14,D14M142,D14M160,D15M5,D15M71,D15M42,D16M181,D16M87,D16M4,D16M70,D17M21,D17M66,D17M88,D17M38,D18M14,D18M4,D19M16,D19M119,D19M34,DXM64,DXM66,DXM186
,,,1,1,1,1,1,1,1,2,2,2,2,2,3,3,3,4,4,4,4,5,5,5,5,5,5,5,5,5,5,6,6,6,6,6,7,7,7,7,8,8,8,8,9,9,9,9,9,9,10,10,10,10,11,11,11,11,12,12,12,12,12,13,13,13,13,13,13,13,13,13,13,13,14,14,14,15,15,15,16,16,16,16,17,17,17,17,18,18,19,19,19,X,X,X
,,,0,9.8,13.11,37.11,53.51,79.71,103.81,0,21.8,44.8,50.2,72.1,0,19.7,32.8,0,20.7,36,52.4,0,1.1,2.2,3.3,4.4,9.8,10.9,24,35.01,62.31,0,24,37.1,48.1,62.3,0,13.1,31.71,42.6,0,17.5,29.5,61.2,0,1.1,2.2,20.7,28.4,48.1,0,16.4,49.2,67.7,0,20.7,40.4,55.7,0,19.7,25.1,42.6,54.6,0,2.2,3.3,6.61,6.62,12.02,15.32,18.63,24.03,32.83,52.53,0,11.99,30.6,0,17.5,42.6,0,4.4,21.8,48.11,0,9.9,19.7,30.6,0,27.4,0,14.2,31.7,0,14.2,26.2
22.94175,1,0,B,-,H,A,A,B,B,B,B,H,H,H,-,H,H,H,A,A,A,H,H,H,-,-,H,-,H,-,B,H,H,H,H,-,A,A,A,A,A,A,A,H,H,H,H,H,H,B,-,H,A,A,H,H,B,B,H,H,A,-,H,B,B,B,-,B,B,B,B,B,H,H,H,H,H,H,H,H,-,H,H,H,A,A,A,A,H,H,H,H,-,-,B,B
17.89258,0,0,A,A,H,A,A,A,A,H,A,A,H,H,-,B,-,B,B,B,B,H,H,H,H,H,H,H,H,H,H,H,H,H,A,A,B,B,-,-,H,H,-,A,A,A,A,-,H,B,B,B,B,A,A,-,H,H,H,A,A,-,A,H,H,H,H,H,A,A,A,A,A,H,-,H,H,B,B,B,B,B,H,H,H,B,B,B,A,A,H,H,H,H,H,H
19.7835,1,0,-,A,-,A,A,A,-,A,A,A,-,A,H,-,-,H,H,H,A,H,H,H,-,H,H,H,A,A,H,B,B,B,B,B,B,H,H,H,H,H,H,H,A,A,A,A,A,A,A,A,A,A,H,B,B,B,B,-,B,H,H,B,B,B,B,B,-,H,-,H,A,B,B,H,H,-,H,H,H,H,H,H,H,H,H,H,B,B,H,H,H,-,A,-
32.26399,0,0,A,-,-,A,A,A,A,A,B,B,H,H,A,A,-,-,-,-,H,H,H,H,H,H,-,H,H,H,H,B,B,H,H,B,H,-,-,-,B,B,B,-,B,B,-,-,B,B,-,B,-,B,-,-,H,H,A,A,H,H,H,H,H,H,B,-,H,A,H,-,-,H,H,H,H,H,-,H,A,A,-,A,-,B,-,B,A,A,B,B,H,H,H,H
23.10478,1,0,-,A,A,A,H,H,H,H,H,H,H,H,-,-,-,A,A,A,A,A,H,H,H,H,H,H,H,B,B,H,B,B,B,H,H,-,A,H,-,H,A,H,B,B,-,-,H,H,H,H,H,H,B,B,B,B,B,-,B,B,H,B,B,B,-,H,-,H,H,H,H,-,H,H,H,B,-,-,B,B,B,B,B,-,B,B,A,A,H,H,B,B,B,B
30.23161,1,0,H,-,H,B,B,B,B,B,B,B,B,-,-,H,H,B,-,H,H,B,-,B,B,B,B,B,B,H,H,B,B,B,B,H,H,H,H,H,B,B,B,B,B,B,B,H,A,A,B,B,-,-,A,-,-,H,-,H,H,A,A,H,H,H,-,H,H,-,H,-,H,H,A,A,-,B,B,B,-,B,H,H,-,B,B,B,A,A,A,A,A,B,B,B
20.55809,0,0,A,A,A,A,A,A,A,A,H,A,-,-,H,H,H,-,A,A,H,H,H,H,H,H,H,H,H,H,H,-,A,B,H,H,A,A,A,A,A,A,A,H,H,H,H,H,B,B,H,H,H,H,H,B,-,B,H,H,H,-,A,H,H,H,H,H,H,H,-,H,A,A,-,A,A,H,-,-,H,H,H,H,-,B,B,B,H,H,B,-,B,H,H,H
30.80053,0,0,-,-,H,A,H,H,H,H,H,H,H,A,A,A,A,A,A,H,H,-,-,H,H,H,A,A,-,A,A,H,H,H,-,-,-,-,B,B,-,-,A,H,A,A,A,A,A,H,H,B,-,H,H,B,B,B,B,B,B,B,B,B,-,B,B,-,-,B,B,B,B,H,B,B,H,H,H,H,B,-,B,B,H,H,H,H,A,B,H,H,H,H,H,H
23.33454,0,0,H,H,H,H,H,-,H,A,B,H,H,-,A,A,A,A,A,A,H,-,-,B,B,B,-,B,B,B,B,-,B,H,A,A,B,B,A,H,A,A,A,H,A,A,A,H,B,H,B,B,B,B,B,B,B,A,A,H,H,H,A,H,H,H,H,H,-,H,H,H,H,H,-,H,H,H,-,H,H,-,A,A,A,A,A,A,H,H,A,B,H,H,-,H
30.90137,1,0,H,H,H,B,B,H,H,H,H,-,H,A,A,A,H,H,H,H,H,H,H,H,-,H,H,H,-,H,H,H,H,-,H,H,A,A,A,A,B,H,H,B,H,H,H,H,-,H,-,B,B,B,H,B,H,B,H,H,H,A,A,B,B,B,-,B,B,B,B,B,-,B,H,-,-,B,H,-,H,-,-,H,-,H,-,A,H,B,H,A,A,A,A,A
24.11647,0,0,-,H,H,-,B,B,H,H,H,-,A,A,A,H,-,H,H,-,H,A,A,A,A,A,H,H,H,H,H,H,H,H,A,H,H,H,H,H,A,A,A,A,-,H,H,H,H,-,-,H,H,H,-,H,B,-,H,A,A,-,H,H,-,H,-,H,H,H,H,H,H,H,A,A,A,H,H,H,B,B,B,H,A,A,A,A,A,A,A,A,A,H,H,H
28.10717,1,0,-,H,-,H,B,-,B,-,A,A,A,A,B,H,H,-,H,H,A,H,H,H,-,H,H,H,H,H,H,H,H,B,-,B,B,B,H,H,H,H,B,B,-,H,-,H,H,H,H,-,-,B,H,H,H,H,H,H,H,H,H,-,B,B,-,B,B,B,B,B,B,B,B,B,B,A,H,H,B,-,H,A,H,-,A,A,B,-,B,H,A,-,A,A
23.63016,0,0,-,B,B,B,-,-,H,H,H,B,H,H,A,H,-,-,A,-,H,A,A,A,A,-,A,A,H,-,H,A,H,H,H,H,A,-,H,H,H,H,H,H,B,B,B,H,H,H,A,-,A,H,A,A,A,A,A,H,-,H,H,-,H,H,H,H,H,H,-,H,-,B,B,B,-,-,A,A,A,A,A,A,A,H,A,A,A,A,A,H,A,A,A,-
19.54876,1,0,H,H,H,-,H,-,A,H,H,H,H,H,B,-,B,B,B,B,B,H,H,H,H,H,H,-,H,H,-,H,B,B,-,B,H,H,A,A,A,-,A,A,A,A,A,H,H,H,B,B,B,B,H,-,B,B,H,H,-,H,H,-,-,B,H,H,H,H,-,H,H,H,A,A,H,H,H,H,B,B,B,B,H,A,A,A,A,A,-,B,H,A,A,B
32.16254,0,0,B,B,-,B,B,B,H,A,H,H,H,H,H,H,B,H,H,H,H,H,A,A,A,A,A,A,H,H,H,H,H,A,A,A,B,B,B,B,H,H,H,B,H,-,H,H,B,B,H,H,H,H,H,B,B,B,A,A,A,B,-,H,H,H,H,H,H,H,H,-,H,H,-,A,A,A,A,A,-,H,H,H,H,H,A,A,B,B,H,H,H,A,-,A
27.24105,0,0,B,B,B,B,H,B,A,H,H,H,-,H,A,A,-,A,-,A,A,-,-,-,H,H,A,A,H,H,H,-,H,H,H,H,H,H,A,A,H,-,H,H,H,H,H,A,A,A,B,B,H,A,A,A,A,A,A,A,A,A,A,H,H,H,H,H,H,H,H,H,H,H,H,H,H,B,B,B,H,-,H,H,H,H,H,-,A,A,B,B,B,H,H,H
19.75607,1,0,H,H,-,-,H,-,H,-,A,A,A,H,H,H,-,B,H,A,-,H,-,H,H,-,H,H,H,H,H,A,H,H,-,H,H,H,H,-,H,H,H,B,B,B,B,H,H,H,B,B,H,H,A,A,A,A,B,B,-,B,B,-,-,H,H,H,H,H,H,A,A,A,-,B,B,-,B,B,H,H,H,H,H,H,H,H,A,-,H,H,H,B,A,-
22.61849,1,0,H,H,-,-,H,A,A,-,H,H,H,-,-,A,B,B,B,B,B,A,A,-,A,-,A,-,H,H,A,H,H,H,H,H,B,B,A,H,A,A,A,H,B,B,B,H,H,H,H,H,H,-,B,H,B,B,A,A,A,A,A,A,A,-,A,A,A,-,A,-,A,A,-,H,-,A,A,B,H,B,-,B,A,A,A,A,A,A,H,H,H,A,A,-
22.80034,1,0,H,H,H,H,H,H,H,B,-,B,B,B,A,H,H,H,A,A,A,-,-,B,-,B,-,B,B,B,B,H,H,H,H,H,A,A,H,H,H,H,B,-,A,A,A,A,H,H,A,A,B,H,H,H,H,-,H,H,H,H,H,-,B,B,B,-,B,B,B,B,B,B,B,H,H,A,H,H,A,A,-,A,A,A,A,A,H,-,H,H,H,B,B,-
19.05382,1,0,H,H,H,H,A,H,-,-,B,-,B,B,H,H,H,H,H,H,-,B,B,B,-,B,B,-,-,B,H,H,H,H,H,-,B,H,H,H,A,A,-,H,H,H,H,H,H,H,A,H,A,A,-,H,H,A,A,-,A,A,A,H,B,B,H,H,H,-,-,H,H,B,H,-,-,H,B,-,A,A,A,H,-,B,B,B,H,H,H,-,B,A,A,A
15.87795,0,0,-,-,H,H,-,B,-,B,H,A,H,A,B,B,B,-,A,A,A,H,H,H,H,H,H,H,-,H,A,A,H,H,H,A,B,-,B,B,A,A,A,A,B,B,-,B,B,B,-,B,B,B,H,A,A,-,H,H,-,H,A,A,-,H,-,-,H,H,H,H,A,A,H,H,-,H,-,H,A,H,H,-,H,H,-,B,H,A,H,A,A,A,A,-
24.40861,0,0,H,H,H,H,H,H,-,H,H,A,A,H,H,B,-,H,H,H,-,H,H,H,H,H,H,H,H,-,H,B,H,-,H,H,A,A,A,A,H,H,B,-,B,B,B,H,H,A,H,H,B,B,H,H,H,H,H,H,H,-,H,B,B,B,B,B,B,B,B,B,B,H,H,H,B,-,-,H,A,A,B,H,H,H,H,H,B,B,A,H,H,H,A,H
27.04134,0,0,H,-,H,H,H,-,-,A,H,B,H,H,H,H,H,H,B,H,-,A,A,A,A,A,-,H,H,H,H,H,H,-,A,A,-,H,H,H,H,B,B,B,H,H,H,H,H,H,B,H,B,B,-,B,H,-,H,B,B,H,H,B,-,B,B,B,B,B,-,H,H,-,A,A,A,B,B,B,H,H,A,-,H,H,H,-,-,H,H,A,A,A,-,A
25.40223,1,0,H,H,H,H,-,B,B,H,H,H,H,-,A,A,H,A,A,-,H,H,H,H,H,H,H,-,A,A,-,B,B,B,B,B,A,A,A,A,B,B,H,A,A,A,A,A,H,H,H,H,H,-,A,A,A,A,B,B,B,-,B,H,H,H,H,H,H,H,H,H,H,B,H,-,H,A,-,A,-,H,B,-,B,B,-,H,-,A,A,-,-,B,B,B
16.49417,0,0,-,-,H,A,-,-,A,H,-,H,A,A,H,H,A,B,B,B,B,-,H,H,H,H,H,H,H,H,-,A,A,A,A,A,H,H,H,H,-,H,H,-,B,B,B,B,B,B,B,H,B,B,H,H,H,H,H,H,H,A,-,A,A,A,A,A,A,A,A,A,H,H,H,A,A,B,-,B,A,A,A,A,B,B,B,-,A,A,B,-,B,A,-,-
21.98185,1,0,H,H,-,H,B,-,B,A,A,A,A,A,A,A,-,H,-,B,-,H,H,A,-,A,-,-,H,H,-,H,H,A,A,A,A,H,H,H,A,A,A,A,-,B,B,B,H,H,A,A,A,-,-,B,B,B,A,B,B,H,-,-,A,-,-,A,A,A,-,A,H,H,B,H,H,H,-,H,B,B,-,A,H,H,H,H,H,H,A,H,H,B,-,B
20.62487,1,0,-,-,H,B,B,-,B,H,A,A,A,A,H,H,H,A,A,A,H,-,A,-,A,A,A,A,H,H,B,H,H,H,H,H,A,A,A,H,H,H,A,H,H,-,H,H,H,H,H,H,H,H,B,H,B,B,A,A,A,A,A,H,H,H,H,H,H,-,H,H,H,-,H,H,B,A,A,A,A,A,A,A,H,H,H,H,H,H,A,A,A,A,A,A
19.33791,0,0,H,-,A,A,A,A,A,B,H,-,-,B,H,B,B,A,H,H,B,-,H,H,H,H,H,H,H,-,H,H,B,B,B,H,H,H,H,H,H,A,A,A,-,A,A,H,H,H,A,A,A,A,A,A,A,A,H,H,H,A,A,H,H,H,H,-,H,H,H,H,H,H,A,A,A,B,B,B,H,H,H,H,B,-,B,B,H,H,H,H,H,A,A,H
26.19738,1,0,H,-,A,B,B,B,B,H,H,H,H,H,H,H,H,H,-,H,H,H,-,H,H,-,H,H,B,B,B,H,A,A,H,H,H,H,A,A,A,-,H,-,H,H,H,A,A,H,B,A,H,H,H,-,B,H,A,A,A,A,A,A,A,A,A,A,A,A,A,-,A,H,-,H,H,B,B,B,H,B,B,B,-,-,A,A,H,H,-,H,H,B,B,-
26.13268,0,0,H,H,H,B,B,B,B,H,H,-,H,H,H,H,A,-,A,H,H,B,B,B,-,B,B,B,-,H,A,H,H,H,B,B,H,H,H,B,B,B,H,H,H,H,H,H,H,-,H,H,H,H,H,H,H,-,-,H,H,A,A,B,B,B,B,B,B,B,-,B,-,-,-,H,H,A,A,A,H,H,H,A,H,-,H,H,H,H,H,H,H,H,H,H
16.26923,1,0,H,A,A,H,-,H,-,-,A,-,H,H,H,H,H,H,H,H,A,B,B,-,B,B,B,B,B,B,H,B,B,-,B,-,B,B,B,B,H,B,B,B,H,-,H,H,A,A,A,B,H,H,-,H,H,H,A,A,H,H,H,A,A,A,-,A,A,A,A,A,A,-,B,B,H,H,-,H,B,H,-,-,H,H,B,-,A,A,H,H,H,A,A,-
18.27831,1,0,A,H,-,H,B,B,B,H,A,H,H,B,H,H,A,H,B,B,H,H,H,H,H,H,H,H,H,A,A,H,H,H,H,H,B,B,B,B,B,B,B,-,H,H,H,H,-,H,H,H,H,B,H,H,H,A,H,-,H,H,-,H,H,H,H,H,H,H,-,H,H,H,H,H,H,-,A,A,B,B,B,B,-,H,B,H,B,H,A,A,A,A,A,A
27.84141,0,0,H,H,H,H,H,A,-,B,H,A,A,A,A,H,A,-,-,-,-,H,H,H,H,H,H,H,H,-,-,H,H,H,H,H,H,H,H,H,A,A,A,-,A,A,A,A,-,-,H,-,H,H,H,H,H,-,B,B,B,H,H,-,H,H,H,H,H,-,H,-,B,B,H,-,-,A,A,-,B,H,H,B,H,H,H,H,H,H,B,B,B,A,H,H
12.51528,1,0,A,-,A,A,A,-,A,A,-,H,-,H,H,B,-,A,H,B,B,H,H,H,H,-,H,H,A,A,A,H,A,A,A,A,H,B,B,B,H,H,A,A,H,H,-,H,H,H,-,B,B,B,H,B,H,H,H,H,H,H,H,H,-,H,H,H,A,A,A,A,A,A,H,-,-,-,H,A,-,B,-,B,B,B,H,H,H,H,-,A,-,A,A,-
24.72038,0,0,-,H,-,-,A,A,A,H,H,H,H,B,H,-,H,H,B,B,-,B,-,B,B,B,B,B,B,B,B,A,A,A,A,A,A,A,A,A,-,A,A,-,H,A,-,H,H,H,H,H,-,-,H,H,H,B,A,-,A,-,A,B,B,B,B,B,-,-,B,B,H,-,B,H,-,-,H,H,H,H,B,A,H,H,-,H,H,B,H,H,A,-,H,H
25.06039,0,0,-,H,H,A,-,A,A,-,H,B,B,B,H,-,H,B,B,A,A,B,B,B,B,B,B,B,B,-,B,B,B,H,H,H,-,A,H,H,H,-,H,B,B,B,B,-,B,B,B,B,H,-,A,A,A,A,-,A,A,A,H,B,B,-,B,-,B,B,B,B,B,H,H,H,H,A,H,H,B,B,H,H,H,H,H,-,-,B,B,-,H,A,A,H
26.88723,0,0,A,H,H,H,H,H,H,B,B,B,B,H,A,-,A,H,H,B,B,A,A,A,A,A,A,A,-,H,A,B,B,B,B,B,H,H,-,H,H,H,H,-,H,H,H,B,B,-,H,H,B,H,H,A,H,H,A,A,-,H,H,A,A,A,A,A,A,A,A,H,H,H,H,A,A,A,A,H,H,H,H,B,B,B,B,B,H,H,A,A,-,H,H,H
17.76174,0,0,A,A,A,H,H,H,H,A,H,H,-,A,H,H,B,H,H,H,H,H,H,H,H,H,-,-,A,A,H,H,H,H,H,H,H,-,H,H,A,-,H,A,H,H,H,H,H,H,H,H,H,H,-,H,-,H,B,-,H,H,H,A,A,A,A,-,A,A,A,-,B,B,-,B,H,-,B,B,-,-,H,-,B,H,H,H,A,A,H,H,H,A,A,A
25.90232,1,0,A,A,A,H,A,A,A,-,H,H,H,H,A,A,A,B,B,B,B,-,A,A,A,A,-,A,A,A,A,A,A,A,A,A,B,-,B,-,B,-,B,B,B,B,B,B,B,B,H,A,B,H,A,A,H,H,B,H,H,H,H,H,H,-,H,H,B,B,B,H,H,H,A,A,-,B,B,B,H,H,H,H,H,H,H,H,H,H,B,-,H,B,B,B
27.15111,1,0,-,B,B,B,H,-,H,B,-,H,H,H,A,-,A,-,H,H,H,H,H,H,H,H,H,H,H,H,H,H,H,B,B,-,B,H,H,H,H,A,-,-,H,H,H,B,B,H,B,B,H,H,H,H,A,A,A,A,A,A,-,H,H,H,H,H,H,H,H,-,H,H,-,B,H,H,-,B,B,-,B,B,A,A,A,H,H,H,A,H,H,B,B,B
18.99919,0,0,A,A,A,H,H,H,H,A,A,A,A,A,H,H,H,B,-,B,H,H,H,H,H,H,-,H,H,H,H,A,H,B,B,B,A,A,A,A,-,H,H,-,A,-,A,A,A,A,A,H,H,H,H,H,H,A,A,H,H,-,A,H,H,H,-,H,H,H,H,-,-,H,-,H,H,-,-,H,A,-,H,H,-,A,H,H,-,H,A,-,-,A,A,A
31.12483,0,0,H,B,B,H,H,A,H,B,B,B,B,B,H,A,A,A,-,-,-,A,-,A,A,A,A,A,A,A,A,H,H,A,A,A,A,H,B,B,B,B,H,H,H,H,H,H,H,H,H,A,H,H,A,H,H,H,H,H,B,-,B,H,H,H,H,H,H,H,H,-,B,B,H,H,-,H,B,H,-,H,A,A,H,H,A,A,A,A,B,B,B,A,H,H
22.95401,0,0,A,A,A,H,H,H,B,H,H,H,-,B,H,H,H,A,A,A,A,B,B,B,B,B,H,H,H,H,B,H,B,-,-,B,B,B,B,B,A,-,A,A,B,B,B,B,-,H,H,H,-,H,H,H,A,A,H,H,H,H,H,-,B,B,B,-,B,B,B,B,-,B,B,H,-,H,H,B,H,H,H,H,H,-,H,H,B,B,A,A,A,A,A,-
22.23613,1,0,H,H,H,H,-,H,B,H,H,H,H,B,B,B,H,A,A,A,A,B,B,B,B,B,B,B,B,B,B,A,A,A,-,-,B,B,B,H,-,B,B,A,H,H,H,-,B,B,-,B,B,H,H,H,H,H,H,H,H,H,-,H,H,H,H,H,-,A,A,A,A,A,H,-,-,H,A,A,A,A,A,H,B,B,B,B,A,B,H,H,H,-,B,B
27.91325,1,0,H,H,H,H,H,A,A,H,H,B,-,-,A,A,A,B,H,A,A,-,H,H,H,H,H,H,-,H,H,A,A,H,H,H,A,-,H,H,H,B,-,-,A,A,A,A,-,A,H,A,A,-,B,H,H,H,H,H,H,H,-,H,-,H,B,B,B,B,-,H,H,H,H,H,B,-,H,H,-,-,H,-,H,H,H,A,-,A,H,H,B,B,B,B
19.05886,0,0,-,A,A,B,-,H,H,B,B,-,B,B,H,H,H,H,-,H,B,H,-,H,H,H,H,H,H,H,H,H,B,B,B,B,B,-,B,B,H,H,H,H,A,A,A,A,A,H,H,-,H,H,H,A,-,-,B,B,B,B,B,H,H,-,H,H,H,H,-,H,B,H,H,A,H,H,H,H,B,B,B,-,-,A,A,A,-,A,-,B,B,A,A,-
19.18531,0,0,A,A,A,H,H,H,H,B,-,B,B,H,A,A,H,A,H,H,H,B,B,B,B,B,B,B,B,H,H,A,A,A,A,-,H,H,H,-,B,H,H,A,A,H,H,B,-,H,H,A,A,A,H,A,H,H,H,-,A,A,H,H,H,H,-,H,H,A,-,-,A,H,H,A,H,H,H,H,-,A,H,H,H,H,A,A,H,H,A,A,B,H,H,H
16.96614,0,0,-,A,A,A,H,B,B,H,H,H,H,H,A,H,H,B,B,-,H,H,H,H,H,H,H,H,H,A,A,-,-,H,H,H,A,H,-,B,B,-,-,B,-,B,-,B,B,B,-,-,A,A,A,-,A,A,-,H,H,H,H,A,A,A,A,A,A,A,A,-,A,H,-,H,H,A,A,A,H,H,H,B,B,B,H,A,A,A,H,H,-,H,H,H
26.63467,0,0,-,A,A,H,H,B,B,H,B,-,B,B,B,B,B,-,B,B,B,H,H,H,H,H,H,H,H,A,A,A,A,A,A,A,B,-,-,H,B,B,-,B,B,B,B,B,B,B,A,A,A,A,H,H,B,B,H,H,-,H,-,H,H,H,H,H,H,H,H,H,H,B,-,H,H,A,H,H,H,H,A,H,H,H,H,-,-,B,B,B,B,A,A,A
16.70082,0,0,A,A,A,H,H,H,B,A,-,A,A,A,H,-,A,H,H,B,-,H,H,H,H,H,H,H,H,H,H,B,H,H,H,H,-,B,B,B,H,H,H,H,B,B,B,B,B,H,H,H,H,H,H,-,H,A,B,B,B,B,H,H,H,H,H,H,H,H,H,H,H,A,H,H,A,-,H,H,A,-,H,H,A,A,-,A,B,B,H,B,-,A,A,A
26.71553,1,0,H,H,H,B,B,B,B,-,A,-,H,H,H,B,B,A,-,H,-,-,H,H,H,H,-,H,H,A,-,-,H,H,-,-,-,A,H,H,H,A,-,H,H,H,H,B,B,B,H,B,H,H,A,A,-,H,B,H,H,B,B,H,H,H,H,H,H,H,-,H,H,B,B,H,H,H,-,H,H,H,-,A,H,H,H,H,A,A,H,H,-,B,B,-
33.38589,1,0,-,B,B,B,B,H,H,H,-,H,H,-,H,H,-,H,H,H,B,H,H,H,H,H,H,H,-,H,-,A,A,H,H,H,B,-,-,B,-,H,H,H,H,H,H,-,A,-,H,H,H,-,B,-,H,H,H,H,H,A,A,H,H,H,H,H,H,H,H,H,H,H,A,H,-,H,H,B,H,H,H,B,B,B,H,-,B,H,H,-,B,B,B,B
14.6837,0,0,A,A,A,A,A,B,H,H,H,B,B,-,-,H,-,B,B,H,H,-,A,A,A,A,A,A,A,-,A,B,A,A,A,A,H,A,A,A,H,H,H,B,A,A,A,-,-,H,H,H,-,-,H,H,B,B,H,-,-,H,H,B,B,-,B,B,B,H,H,H,-,H,A,A,H,H,H,H,H,H,H,H,B,B,H,H,A,H,H,B,-,A,A,-
24.13975,0,0,B,B,B,H,H,-,-,A,H,H,H,B,H,H,A,H,H,H,-,A,A,A,A,-,A,A,A,A,A,H,B,B,B,B,B,B,-,B,H,-,B,H,B,-,-,-,-,H,H,H,-,A,B,B,B,-,A,A,A,A,A,B,B,B,B,-,B,B,B,H,-,H,B,H,A,A,A,A,B,H,H,H,A,H,H,H,H,-,-,A,-,H,H,H
31.31285,1,0,-,H,H,-,H,H,H,B,B,B,B,-,H,H,H,H,A,H,A,-,A,A,A,A,-,A,A,A,A,A,H,B,B,B,H,H,B,B,-,B,B,H,-,H,H,H,H,H,H,A,A,A,H,-,H,-,A,H,H,H,-,-,-,B,B,B,B,B,B,B,B,B,H,H,H,H,H,H,H,H,B,B,-,A,A,A,H,-,H,H,B,B,B,A
21.74287,1,0,-,A,A,H,H,A,A,H,H,H,H,A,A,A,A,B,B,B,B,H,H,H,H,H,-,H,H,H,H,B,B,H,-,H,-,H,A,A,B,B,B,H,-,B,B,H,-,H,-,H,A,H,A,A,A,A,A,-,A,A,A,H,H,H,H,H,-,-,B,B,B,-,H,H,B,H,H,H,H,H,H,H,B,B,-,B,H,H,B,B,-,B,A,A
35.14984,1,0,H,H,H,B,H,H,H,B,B,H,H,A,-,B,B,H,H,H,H,A,A,A,A,A,-,A,A,-,A,H,B,-,B,B,B,-,-,H,B,H,H,-,A,A,H,H,H,H,-,H,B,H,B,B,B,B,-,A,A,-,A,B,B,B,B,B,B,B,B,B,B,B,A,A,A,B,H,A,B,B,-,H,H,H,H,H,B,H,-,H,H,B,B,B
20.29493,0,0,-,A,A,H,H,H,H,A,A,H,H,-,H,H,H,A,A,A,H,H,H,H,-,H,H,H,H,A,A,-,A,-,-,H,-,A,H,H,B,B,B,H,H,-,H,H,H,-,-,-,B,B,H,A,A,H,H,-,H,H,A,H,H,H,-,H,H,H,H,H,-,-,H,H,H,A,H,H,H,H,-,A,B,B,B,B,A,A,-,H,H,H,H,H
16.12839,1,0,A,H,H,H,H,A,A,A,H,A,A,A,H,A,H,A,A,H,H,B,B,B,B,B,B,B,B,H,H,-,H,H,B,-,H,H,B,B,H,H,H,B,B,B,-,-,B,-,H,H,B,B,B,H,-,H,-,H,H,H,H,H,H,H,-,H,H,H,-,A,H,H,H,H,A,H,H,H,B,H,B,B,B,B,-,H,-,B,H,H,H,A,A,-
23.82993,0,0,A,A,A,A,A,-,A,H,-,H,H,H,H,H,A,B,B,B,H,B,B,B,B,B,B,B,B,B,B,-,A,A,A,-,-,H,A,H,-,H,H,H,B,B,B,B,B,B,A,A,-,H,H,H,H,H,A,-,A,-,B,H,H,H,H,H,H,-,H,H,H,H,H,H,H,H,H,H,H,H,H,H,H,H,A,A,B,H,H,B,-,-,A,A
26.00426,1,0,-,H,-,H,H,A,A,H,H,H,-,H,B,B,B,B,B,B,H,B,B,B,B,B,B,B,B,B,B,B,H,-,H,H,A,-,B,B,B,B,B,H,A,A,A,H,H,H,A,H,B,-,H,H,H,-,-,A,A,H,B,B,B,B,B,B,B,B,-,B,B,H,H,H,H,A,A,H,H,H,H,H,H,A,A,A,H,A,A,A,-,B,-,B
13.90122,0,0,H,H,H,H,H,B,B,B,B,A,A,H,A,A,H,B,B,B,B,H,H,-,A,A,A,A,A,A,H,H,-,B,-,-,A,-,H,A,-,H,H,A,H,H,H,B,B,-,A,-,H,H,H,H,-,B,A,-,H,H,H,A,A,A,A,A,A,A,A,A,A,-,A,A,A,B,B,H,-,H,B,B,A,H,H,H,-,B,B,B,B,H,H,H
25.25237,1,0,-,A,A,A,A,A,A,H,H,H,-,B,B,B,B,B,H,A,A,B,B,B,B,B,B,B,H,A,A,B,B,B,B,B,-,A,A,-,B,H,A,A,-,A,A,A,A,-,B,B,-,-,B,A,A,A,H,-,A,A,-,-,H,-,H,H,H,H,-,H,H,H,H,H,H,H,H,H,H,H,-,-,A,A,A,A,H,-,A,A,A,A,-,B
17.54193,1,0,-,A,-,H,H,H,H,B,-,B,B,H,A,A,A,H,B,H,H,H,H,H,H,H,H,H,H,H,H,H,H,-,-,B,H,H,A,H,B,H,B,H,H,H,H,H,H,H,-,-,-,-,-,B,B,B,-,H,H,H,-,H,H,H,H,-,H,H,H,H,H,B,H,-,-,H,-,H,H,H,H,A,A,A,A,A,H,H,-,H,H,A,-,A
17.75186,0,0,B,A,A,-,A,-,A,H,H,H,H,H,H,H,A,-,H,-,-,H,H,-,H,H,H,H,H,H,H,A,H,-,A,A,A,A,-,-,B,-,B,B,B,B,-,H,H,-,A,A,A,A,H,A,A,A,A,-,A,A,-,H,H,H,H,H,H,H,H,H,H,A,B,B,-,H,H,-,B,H,A,A,B,B,B,H,A,A,A,A,-,H,H,H
29.86723,0,0,A,A,B,B,B,B,-,H,-,A,A,B,H,A,-,-,A,A,A,-,H,H,-,H,H,H,H,-,H,H,H,H,H,H,B,B,-,B,A,-,-,B,-,H,H,H,H,-,H,B,B,B,H,-,-,B,H,-,H,A,-,H,H,H,H,-,B,B,B,H,-,H,H,B,B,H,H,H,A,H,B,B,H,H,H,H,A,A,H,H,H,H,H,H
27.1105,1,0,H,H,H,A,A,H,B,H,-,A,-,A,A,A,A,H,B,-,B,B,B,B,B,-,H,H,H,H,H,A,-,A,A,A,B,-,B,-,H,H,H,H,A,A,A,A,A,A,H,H,B,B,H,H,A,A,A,H,H,H,H,A,-,A,A,A,A,A,A,A,H,H,H,H,B,B,-,B,B,B,B,B,H,-,A,-,H,H,-,B,B,B,B,B
23.20906,0,0,B,B,-,-,-,B,-,A,-,A,A,A,B,B,-,H,H,-,H,H,H,H,H,H,H,H,H,H,B,A,H,H,-,A,-,H,A,B,H,H,H,H,-,-,A,H,H,H,H,H,-,A,-,-,H,H,B,H,H,H,B,B,B,B,B,B,-,H,H,-,H,H,-,A,H,B,-,-,H,H,A,A,-,-,A,A,-,H,A,H,H,H,H,-
21.38634,1,0,H,B,B,B,-,B,B,A,A,-,H,B,-,H,A,H,-,H,-,H,H,H,H,H,H,H,B,B,B,B,B,B,B,B,B,-,B,B,B,B,B,B,B,B,B,H,-,H,B,B,H,B,A,H,-,H,-,-,B,B,B,-,B,B,-,H,H,H,H,A,H,H,H,H,-,H,-,A,H,H,H,A,H,-,H,H,B,H,B,B,H,B,B,B
26.47861,1,0,H,-,A,-,H,A,A,A,A,A,A,A,H,A,-,H,B,B,B,H,H,H,H,H,-,H,H,-,A,-,H,H,H,H,B,B,B,B,H,H,H,H,H,-,A,A,-,H,H,H,H,A,H,H,H,H,-,H,H,B,B,H,H,-,H,-,H,H,H,H,H,A,H,H,B,-,H,H,H,-,-,B,-,-,-,H,B,H,H,H,H,A,A,A
21.54024,1,0,B,B,-,H,B,-,B,H,B,B,B,B,A,-,A,A,H,H,-,A,-,-,A,A,A,A,A,-,A,H,H,H,H,-,H,A,H,H,B,B,B,-,A,A,-,A,A,A,H,H,A,A,-,-,B,B,-,H,H,H,H,A,-,H,H,H,H,H,H,H,H,A,-,B,B,A,-,-,H,H,H,H,B,B,B,-,H,-,B,B,B,A,A,A
21.3709,1,0,B,H,H,B,B,H,H,-,B,H,H,B,B,B,-,B,H,B,B,H,H,H,H,-,B,B,H,H,H,-,A,A,A,A,-,H,-,H,H,H,H,H,A,A,A,A,A,A,H,H,H,H,H,H,H,H,B,H,H,H,H,B,-,H,H,H,-,-,H,H,H,H,-,H,B,H,B,B,A,A,A,H,-,B,-,B,H,B,H,A,A,A,-,A
22.12336,1,0,B,B,B,B,B,B,B,H,H,H,H,H,A,A,A,A,A,H,H,B,B,B,-,B,B,B,B,-,H,-,H,H,H,H,H,B,H,H,A,-,B,H,B,B,-,H,H,H,A,H,H,H,A,A,A,A,-,H,H,H,H,H,H,-,H,H,H,H,H,-,A,A,B,B,B,H,B,B,A,A,A,H,B,B,B,B,H,H,A,H,B,A,A,-
26.95091,0,0,H,H,H,H,-,H,H,H,H,H,H,B,H,B,B,H,H,H,H,H,H,H,-,H,H,H,H,H,H,H,H,H,A,A,H,H,H,H,B,B,B,B,B,-,B,B,-,H,H,A,A,A,B,B,B,B,H,-,H,H,H,H,H,-,-,-,H,H,H,H,-,A,H,A,A,A,H,H,-,H,-,B,H,H,A,A,H,B,H,A,A,H,H,-
33.43595,0,0,H,H,H,H,-,H,A,A,B,A,A,H,-,A,A,A,A,H,H,B,B,B,B,-,-,B,-,B,-,B,B,B,H,H,H,H,H,H,B,H,H,H,A,A,A,A,A,H,H,H,A,A,H,H,H,H,B,B,B,-,B,H,H,H,H,H,H,H,H,H,H,-,H,H,B,A,-,B,H,H,H,A,H,H,H,H,A,A,B,B,B,H,H,H
13.76569,1,0,H,H,H,H,B,B,B,H,-,H,H,H,A,A,A,B,B,-,-,H,H,H,-,H,-,H,A,A,A,B,B,H,H,H,H,H,H,H,-,A,A,A,A,A,-,-,H,B,H,H,H,H,B,H,H,H,H,H,H,H,H,-,A,-,A,-,A,A,A,A,A,H,B,H,H,H,-,A,-,H,H,A,A,A,-,A,B,B,H,H,H,A,B,-
29.99661,0,0,H,H,H,-,H,H,H,H,H,H,B,B,-,A,-,B,H,A,H,B,B,B,-,B,H,H,H,-,A,A,A,A,A,A,B,B,B,B,B,B,B,B,H,H,-,-,H,H,-,B,H,H,A,A,A,A,B,B,-,-,B,B,B,B,B,B,B,B,B,H,-,H,-,B,-,B,B,B,H,H,H,B,H,H,-,A,-,-,H,H,H,A,A,A
16.54497,0,0,A,A,A,A,-,A,A,H,H,B,-,H,A,A,H,H,H,H,H,H,-,-,H,H,H,H,H,H,H,H,-,H,A,A,B,B,B,B,B,B,-,H,H,H,H,A,A,H,B,H,H,H,A,A,A,A,B,B,B,H,H,-,H,H,H,H,A,A,A,-,-,H,H,A,A,B,B,B,H,-,H,H,H,H,H,H,-,H,-,B,B,A,H,H
26.12822,1,0,-,B,B,B,B,H,-,A,H,H,-,H,H,A,A,-,H,-,-,H,H,H,H,-,H,H,-,H,H,H,H,H,H,-,-,H,H,-,A,A,A,A,-,H,-,H,A,A,-,H,B,-,H,H,H,H,H,H,-,H,-,H,H,H,-,-,-,H,H,H,H,A,H,H,H,H,B,B,-,H,H,H,H,H,H,H,B,B,-,H,H,A,A,-
17.14191,1,0,H,H,H,H,-,A,A,H,B,B,B,-,H,H,B,H,B,B,B,-,A,A,A,-,A,H,H,H,B,-,-,H,H,B,H,H,H,H,H,B,H,H,-,A,A,A,A,A,B,H,-,H,-,H,H,H,H,B,B,B,B,A,A,A,A,A,A,A,-,A,A,H,-,H,H,H,H,A,A,A,H,H,-,A,A,A,H,H,H,H,H,A,A,A
17.16291,0,0,H,H,H,A,A,A,-,H,-,H,H,A,A,A,A,H,H,B,B,-,H,-,H,H,H,H,H,H,H,H,H,A,A,A,A,-,-,A,B,B,B,A,A,A,A,-,A,A,-,H,H,B,-,-,H,A,-,-,-,H,-,H,H,H,H,H,-,B,B,B,-,B,A,A,-,H,-,H,-,B,B,B,B,-,B,B,H,H,B,B,B,A,A,A
25.08986,1,0,H,H,H,H,H,H,-,A,H,H,H,H,H,H,-,H,A,A,A,A,-,A,-,H,H,H,H,A,H,A,H,H,H,A,H,H,-,-,A,A,-,-,A,-,-,H,-,H,B,B,B,B,H,A,A,-,H,H,H,H,-,-,B,H,H,H,-,H,H,H,H,H,H,H,H,H,H,-,H,A,A,H,A,H,H,H,B,B,H,H,-,A,B,B
22.73921,0,0,H,H,H,H,A,A,H,B,B,B,B,B,H,-,H,-,H,H,H,-,B,-,B,B,-,B,B,H,H,B,A,A,A,A,H,A,A,A,H,A,A,A,-,H,H,H,H,H,B,B,B,H,-,H,H,A,H,-,H,H,-,B,B,B,B,B,B,B,-,B,H,H,B,B,A,B,B,B,-,H,H,A,-,H,H,B,A,A,-,B,B,H,H,H
20.74864,1,0,A,H,-,-,H,B,H,H,-,H,A,H,A,A,A,H,A,-,A,H,H,-,H,-,-,H,A,H,H,B,-,B,B,H,B,B,B,B,H,-,H,H,H,H,H,H,H,H,-,H,B,-,B,-,-,B,B,B,B,-,B,-,H,H,-,H,H,H,-,H,H,H,H,-,H,-,B,H,A,A,-,H,A,A,A,A,B,B,A,A,A,B,A,A
25.67191,1,0,H,B,-,B,B,B,-,-,H,B,B,B,H,H,H,H,H,H,-,B,B,B,B,B,B,B,H,H,B,A,A,-,A,A,-,H,H,A,A,A,A,A,A,A,A,A,A,A,H,A,-,H,-,-,B,B,A,A,A,-,H,A,A,-,A,A,A,A,A,-,A,H,A,A,-,A,A,A,A,A,A,A,H,H,A,A,B,A,-,H,H,A,B,B
16.41106,0,0,A,A,A,A,A,A,-,B,H,A,A,-,-,H,H,A,-,A,A,A,A,A,A,A,A,H,B,B,H,-,A,A,A,A,B,-,B,-,H,H,A,A,A,-,A,A,A,A,H,H,H,-,B,A,A,-,B,-,B,B,B,A,A,A,A,A,A,A,A,A,A,A,A,A,A,H,B,H,B,B,-,H,A,-,A,H,B,B,H,H,A,A,A,A
26.00216,1,0,H,H,-,-,A,-,A,H,H,B,B,B,H,B,B,H,-,-,B,A,A,-,A,A,-,A,A,-,H,A,A,A,A,A,H,H,H,H,H,H,H,-,A,-,A,A,A,H,H,H,-,H,H,B,B,-,H,B,B,B,B,-,H,H,H,H,H,H,H,B,B,-,H,-,B,H,-,A,H,H,B,B,-,B,H,A,-,H,-,B,B,B,B,B
16.63227,1,0,H,H,H,A,-,B,B,A,A,A,A,H,-,H,H,H,-,-,B,H,H,H,H,H,B,B,B,B,H,H,A,A,H,H,-,B,B,H,H,H,H,H,H,H,H,H,H,H,B,B,B,B,H,H,H,H,A,H,H,H,-,H,H,H,B,B,B,B,B,B,B,B,-,B,-,-,A,H,H,-,-,H,-,-,H,H,A,A,A,A,H,A,-,A
24.96273,0,0,-,B,-,B,B,H,A,H,H,H,H,H,A,A,A,B,B,B,B,H,H,-,H,H,B,B,H,H,-,A,A,A,A,A,A,H,H,H,-,H,H,A,A,A,A,H,H,H,B,B,H,H,H,B,B,B,A,A,-,A,A,H,H,H,H,-,-,H,H,-,H,A,A,A,H,B,-,-,A,A,H,H,H,H,H,-,-,B,-,H,H,-,-,A
26.66452,0,0,B,B,-,A,A,-,A,H,H,-,-,B,A,A,A,H,A,A,H,H,H,-,-,-,H,H,H,H,H,B,B,B,B,H,H,-,H,H,H,-,H,H,A,A,A,H,B,B,H,H,H,H,A,A,A,H,B,B,B,H,H,-,H,-,H,-,H,H,H,H,A,H,H,A,A,H,B,B,A,A,A,A,H,H,A,A,B,B,B,B,-,H,H,-
24.36203,0,0,H,H,H,B,B,B,B,A,A,-,A,A,-,B,B,H,H,A,H,-,B,-,H,-,A,A,-,A,B,H,H,-,H,H,H,H,H,H,B,B,H,A,H,H,H,H,H,H,B,B,B,H,H,B,B,-,-,A,-,B,B,-,H,H,H,H,-,H,H,H,H,H,A,H,H,B,H,H,B,B,B,B,-,H,H,H,H,B,H,H,H,A,A,A
21.53424,0,0,B,B,-,B,B,H,B,H,B,H,H,B,B,B,B,A,-,H,H,A,A,A,A,A,A,-,-,A,A,A,A,A,A,-,H,H,H,H,B,B,B,H,B,B,B,B,B,H,H,H,H,H,H,H,A,H,H,H,H,H,A,H,H,H,H,H,H,H,H,H,H,B,H,H,H,H,H,-,H,B,H,-,A,A,B,B,H,H,H,H,-,H,A,A
17.46222,0,0,B,B,B,B,H,H,A,H,H,H,H,B,B,H,B,H,H,H,B,-,A,A,A,A,A,A,A,A,H,-,B,H,H,H,A,-,A,A,A,B,-,H,H,H,H,H,H,H,-,B,-,-,H,H,H,H,H,A,A,A,H,-,A,-,-,A,A,A,A,A,A,A,B,H,-,H,H,H,H,H,H,A,A,H,H,H,H,B,H,H,B,A,A,-
29.14027,0,0,B,B,B,B,B,H,H,H,H,H,B,B,H,H,H,H,A,H,H,B,B,B,B,B,B,B,B,B,H,B,H,H,H,H,B,-,H,-,H,H,H,-,A,A,A,-,A,-,H,B,B,H,H,H,H,H,H,H,-,A,A,H,-,H,-,H,-,H,H,-,H,B,H,B,H,H,H,B,H,H,H,A,H,H,H,H,B,-,H,B,-,H,H,-
19.19722,0,0,H,H,H,H,H,H,H,B,B,B,B,B,-,H,-,A,-,A,H,B,B,B,B,-,B,B,B,-,-,H,H,H,H,-,H,H,A,-,H,H,B,A,-,A,A,H,-,H,H,H,A,A,A,A,H,H,B,B,-,B,-,A,-,A,A,A,A,A,A,A,A,B,H,H,B,H,-,B,-,A,A,H,H,H,H,H,B,H,A,-,A,A,A,A
25.50665,1,0,B,B,-,B,B,H,A,H,-,A,A,A,H,H,H,H,H,A,A,H,H,H,H,H,H,H,H,H,H,-,A,-,A,H,H,H,B,H,B,B,H,A,-,H,H,H,H,H,A,H,H,H,-,A,A,-,H,A,A,A,A,-,H,H,H,-,-,H,-,-,H,H,-,A,A,H,B,-,B,B,B,B,H,H,H,H,B,B,H,H,H,-,B,B
21.28284,0,0,-,B,B,B,B,-,B,A,A,H,-,B,H,H,H,B,B,B,B,B,B,B,B,B,B,-,B,H,H,-,H,-,B,H,B,B,B,H,B,H,H,H,A,A,-,A,A,A,H,H,A,A,H,H,-,-,H,H,H,H,H,H,B,B,B,B,-,-,B,B,B,B,A,A,A,H,-,B,H,H,H,H,H,H,H,H,H,H,H,H,A,A,A,A
28.39774,1,0,-,H,H,H,H,H,-,B,B,B,B,B,A,-,A,B,H,-,H,A,A,-,A,A,-,A,A,A,A,H,-,B,B,B,B,B,H,H,H,H,H,H,A,A,A,-,A,A,H,A,H,-,-,B,H,A,B,H,-,H,H,-,H,-,H,H,H,H,H,H,H,H,H,H,H,H,A,A,A,-,A,A,A,-,A,H,H,H,A,H,-,B,B,B
12.82433,0,0,A,H,H,A,A,-,A,B,B,B,B,B,H,H,H,H,-,H,H,-,B,B,-,B,B,B,B,B,B,H,B,H,H,-,-,A,A,-,A,A,A,-,H,A,A,A,H,A,H,H,H,H,B,H,A,A,A,B,-,-,H,-,A,A,A,A,-,A,-,A,-,A,A,-,-,A,A,A,A,H,H,H,H,-,A,A,H,A,A,A,B,-,-,A
24.07125,1,0,H,H,H,-,H,H,A,H,H,H,H,H,B,H,H,H,H,H,H,H,H,H,H,-,H,H,H,-,H,-,-,A,A,A,H,H,-,H,B,B,H,H,H,H,H,-,A,A,B,-,-,A,B,B,B,H,B,B,B,B,H,A,A,A,H,H,H,H,H,-,-,H,-,A,A,H,H,B,A,-,H,H,-,H,H,H,B,B,H,H,A,B,-,B
23.14972,0,1,H,H,H,H,H,H,H,H,B,B,B,B,H,A,H,-,H,H,H,H,H,H,H,A,A,A,A,A,A,A,A,A,A,A,H,H,H,-,H,H,H,H,A,A,A,A,H,H,A,H,H,B,B,B,-,B,B,H,-,H,H,-,B,B,B,B,B,B,B,-,H,H,H,-,H,H,A,H,A,A,H,A,B,-,B,-,-,-,H,A,A,H,H,H
14.22901,1,1,A,A,H,H,H,H,-,-,A,A,A,-,H,H,H,H,-,A,A,H,H,H,H,H,H,H,H,H,H,H,H,H,-,H,B,B,B,-,H,H,-,B,H,H,H,B,B,H,H,H,-,A,A,H,B,B,H,H,A,A,A,A,A,A,A,A,A,A,A,A,A,H,-,H,H,H,H,-,-,-,H,-,H,A,A,A,-,H,B,B,H,-,A,A
27.62523,0,1,H,H,H,H,H,-,H,H,A,A,A,A,H,H,-,H,H,H,-,B,B,B,-,H,H,H,H,H,H,H,H,H,H,H,H,H,B,B,H,H,-,B,H,H,H,-,H,H,H,H,H,H,A,H,A,A,H,A,A,A,H,H,H,H,H,-,H,H,H,H,H,H,B,B,-,B,B,B,H,-,B,B,H,H,H,H,H,H,A,-,A,H,H,H
21.44049,1,1,A,A,A,H,H,A,A,A,A,A,H,-,H,H,B,B,B,H,H,-,-,-,H,-,H,H,H,H,B,B,-,B,B,H,H,-,H,H,A,A,-,B,-,B,B,H,H,H,H,-,-,A,H,-,H,H,H,A,A,A,A,A,A,A,H,-,H,H,H,H,-,H,H,H,-,H,B,B,A,A,A,H,B,-,H,-,-,A,B,B,B,A,A,A
24.92758,1,1,H,-,H,-,A,H,H,B,H,H,H,H,A,A,A,H,H,B,B,B,B,B,B,B,-,B,B,H,A,B,H,H,H,B,H,A,H,H,A,A,A,A,H,H,H,-,A,A,A,A,H,H,B,B,B,B,H,B,B,B,-,B,B,B,-,B,B,B,B,H,-,B,H,B,B,A,A,H,B,B,H,H,H,H,-,H,-,H,H,-,H,B,B,B
22.35369,1,1,H,H,H,H,H,-,B,-,A,A,A,-,A,H,A,A,-,H,-,H,-,H,H,H,H,H,H,H,H,B,B,B,B,B,A,A,A,A,A,A,A,A,-,B,B,H,H,B,A,A,-,A,B,B,-,B,-,A,A,A,A,B,-,B,-,-,B,-,B,B,B,H,H,H,H,A,A,A,A,A,H,H,H,H,H,B,H,A,H,H,H,B,B,B
27.81391,0,1,A,A,A,-,H,A,A,-,H,A,-,-,B,B,B,B,B,B,B,B,B,B,-,B,-,B,H,H,H,B,H,A,A,H,-,A,A,A,H,B,B,B,B,B,B,B,H,-,H,H,A,H,-,H,H,H,H,H,H,B,B,H,-,-,H,H,H,-,B,B,A,A,B,B,B,-,B,B,A,-,A,A,A,H,-,-,-,H,A,A,-,H,H,H
23.84518,1,1,B,B,B,H,-,H,H,A,-,A,-,-,B,A,A,-,B,B,B,A,A,A,A,A,A,A,-,A,A,A,A,A,A,-,H,H,H,H,H,H,H,H,-,-,B,B,B,B,A,H,A,A,H,H,H,H,-,H,B,B,B,-,H,H,H,H,H,H,H,H,H,H,H,A,A,B,B,B,-,H,H,-,B,B,B,B,B,B,B,B,H,A,A,A
20.60003,0,1,H,H,H,A,A,A,-,-,-,H,H,B,H,H,A,H,-,H,H,H,H,H,H,H,H,H,-,H,H,A,A,H,H,H,A,H,H,H,B,-,H,H,H,H,-,H,H,H,H,-,-,H,-,B,B,-,-,-,H,H,H,H,H,H,A,A,A,A,H,H,A,H,B,B,B,A,-,A,B,B,B,B,H,H,H,H,B,H,H,-,H,B,B,B
25.37825,0,1,H,H,H,H,-,-,B,B,B,-,B,B,H,H,H,-,-,H,-,H,H,H,H,H,H,H,H,H,H,H,B,B,B,B,B,H,B,B,B,H,H,A,H,-,-,H,H,H,B,B,-,H,A,A,A,-,H,H,H,H,A,B,B,B,B,B,-,B,B,B,B,B,H,H,A,H,H,H,H,H,H,H,H,B,H,H,A,A,H,H,H,H,H,-
26.87706,0,1,B,B,B,B,B,B,H,B,B,-,H,H,H,H,H,B,-,B,H,-,A,A,A,A,A,A,A,H,-,A,H,H,H,H,A,-,H,A,B,-,H,H,H,H,H,H,H,-,H,H,A,A,A,A,A,A,H,H,H,H,H,H,H,H,H,H,H,H,H,H,B,H,H,-,-,H,-,A,H,H,A,-,H,H,-,H,H,H,A,H,H,B,B,H
26.80819,0,1,-,H,H,H,H,H,H,-,H,H,H,H,B,H,A,H,-,H,B,H,H,H,H,H,H,H,H,H,H,H,H,H,H,H,-,H,H,H,H,B,H,B,B,B,-,B,B,B,H,-,A,H,A,A,A,H,B,B,B,B,B,H,H,H,-,H,H,H,H,H,-,-,-,-,A,H,B,B,A,A,A,A,B,B,B,-,-,B,A,H,H,B,B,B
29.08012,0,1,H,H,H,H,-,B,H,H,B,B,B,B,H,H,H,H,H,B,B,H,-,-,H,H,-,H,-,-,H,B,B,B,B,B,H,H,B,H,H,H,H,-,B,B,-,H,H,H,B,H,B,B,H,H,H,H,B,B,B,H,H,B,B,B,B,B,B,B,-,B,B,H,B,B,B,H,-,H,A,A,-,H,-,-,A,-,B,H,-,H,A,H,-,H
25.60537,1,1,A,A,A,H,H,B,B,H,H,B,B,-,H,B,-,H,B,H,H,H,H,H,H,H,H,-,H,H,B,-,B,A,A,H,B,B,H,H,H,H,H,H,B,B,-,B,B,B,H,-,-,A,H,H,H,H,H,A,A,-,H,H,H,H,H,H,H,H,H,-,-,H,H,A,A,A,H,H,A,A,A,A,A,A,A,A,-,B,H,B,H,B,B,B
23.59194,1,1,H,-,H,-,H,H,H,B,H,A,A,H,B,B,B,A,A,-,A,A,A,A,A,A,-,A,A,H,A,-,B,-,B,B,A,H,H,H,H,H,A,H,B,B,B,B,B,B,B,-,H,H,B,-,B,A,A,A,A,-,A,B,B,B,-,H,H,B,-,B,-,B,H,-,A,B,B,B,A,-,A,A,H,H,H,H,B,H,-,B,-,A,A,A
28.37417,0,1,A,A,A,H,A,H,H,A,A,-,A,A,-,H,H,H,A,A,-,-,H,H,H,-,H,H,H,-,A,H,H,A,A,A,H,H,H,H,B,-,-,A,H,H,H,A,H,-,H,H,H,H,H,H,A,A,H,H,-,H,H,B,B,-,B,B,B,B,-,H,H,H,H,-,A,H,B,H,H,H,B,H,-,B,H,A,H,H,-,-,-,B,B,-
20.47093,1,1,H,-,-,A,A,A,A,H,H,H,-,-,H,H,H,-,A,A,H,-,H,H,H,H,H,H,H,-,A,B,B,H,H,H,H,H,H,-,B,B,B,-,A,A,A,A,-,-,B,B,B,B,B,A,A,A,-,B,-,H,H,A,A,A,A,A,A,H,-,H,H,H,A,A,-,H,H,B,B,B,H,H,-,-,A,A,A,A,H,H,H,-,-,B
24.00418,1,1,H,-,H,H,H,B,H,B,B,B,B,H,B,-,B,A,H,H,A,B,B,B,B,H,H,H,H,H,H,-,H,A,-,-,A,A,A,H,H,H,H,-,B,-,B,B,B,H,A,H,H,H,H,H,-,A,B,B,B,B,B,B,B,-,B,B,-,B,H,H,H,B,H,H,A,B,-,B,B,B,-,B,B,B,B,B,-,B,-,A,A,A,A,A
20.87105,0,1,A,-,A,A,-,H,-,H,B,H,H,H,B,H,A,H,-,-,H,-,A,-,A,-,A,A,-,H,H,-,H,-,H,H,B,B,B,-,H,H,H,H,A,-,-,A,A,H,-,H,H,H,H,H,A,-,-,-,B,H,H,H,H,H,H,H,A,-,A,A,A,H,A,A,A,H,H,B,H,H,H,B,-,B,B,B,B,B,H,H,-,B,B,B
22.18117,0,1,H,H,-,-,H,-,B,B,B,B,B,B,B,B,B,A,A,A,A,H,H,H,H,H,H,H,-,A,H,H,H,H,H,H,H,-,H,H,H,H,H,B,H,H,H,-,H,-,-,-,H,H,H,H,H,H,H,B,B,B,B,H,H,H,H,H,H,H,H,H,H,H,H,H,A,H,H,H,-,H,H,H,B,-,H,H,H,H,A,H,B,H,-,B
20.63679,0,1,B,-,B,H,-,H,A,B,B,B,H,H,B,B,B,H,H,H,H,H,H,-,-,-,H,H,H,A,A,H,-,H,-,B,H,-,A,-,H,H,H,H,H,H,H,A,A,A,A,H,H,H,A,H,B,B,B,B,-,B,B,H,H,H,H,H,H,H,H,-,B,H,A,A,H,H,B,B,H,H,H,A,B,B,H,H,B,H,H,B,B,H,-,H
23.16435,0,1,H,-,H,-,H,H,H,-,B,B,H,H,H,H,H,H,H,H,A,B,B,B,B,B,B,B,B,B,B,B,B,B,B,H,A,-,A,-,B,B,B,B,H,H,H,H,H,H,H,H,H,H,H,-,-,B,H,H,H,A,A,A,A,-,A,-,-,A,A,H,H,H,-,H,H,A,A,H,-,H,-,H,B,H,A,-,H,H,H,A,A,H,H,B
18.74638,1,1,A,A,A,A,H,H,H,H,-,A,-,A,H,-,H,-,B,B,B,H,-,H,H,H,H,H,H,A,-,H,-,B,-,H,H,B,B,B,H,H,H,B,B,B,B,B,B,B,B,B,H,H,A,A,A,A,B,B,-,B,H,H,H,H,H,H,A,A,A,A,A,-,A,A,A,H,H,H,-,H,H,A,-,H,B,B,B,-,H,A,A,B,A,A
29.67916,0,1,A,A,A,-,A,H,H,B,-,B,B,B,B,B,-,-,-,A,H,-,H,H,H,H,-,H,H,H,H,-,A,A,A,H,B,B,B,-,H,-,B,B,B,B,-,B,B,B,A,A,A,H,A,A,A,A,H,-,H,A,A,B,B,B,B,B,B,B,B,B,H,H,H,H,A,A,B,B,A,H,H,H,H,H,H,-,A,H,H,B,H,B,H,H
26.71142,0,1,H,H,-,B,H,H,A,B,H,-,-,H,H,-,-,H,H,H,-,A,A,A,A,A,A,A,A,H,H,A,H,H,H,H,H,H,B,B,H,B,B,A,H,H,H,H,H,B,H,B,H,B,H,H,H,H,B,-,A,A,A,H,H,H,H,H,H,H,H,H,H,B,H,H,-,-,A,H,-,A,A,A,H,H,H,H,H,A,H,H,-,B,B,B
16.49012,1,1,H,H,H,-,-,H,H,H,H,A,A,A,H,A,A,A,A,A,A,-,H,-,H,H,H,H,H,H,A,B,H,H,A,H,H,H,H,H,H,H,H,A,H,H,H,B,-,A,H,H,H,A,-,A,-,A,B,B,B,B,B,B,B,-,B,B,-,B,B,B,B,-,B,B,B,H,H,H,A,A,A,-,H,-,H,-,H,H,H,H,H,A,A,A
10.54433,1,1,H,B,-,H,B,B,H,A,A,A,A,-,-,H,H,H,A,A,-,H,H,H,H,H,-,H,H,H,H,B,H,H,-,H,B,B,B,B,H,H,-,H,-,A,-,A,A,H,A,A,A,H,H,A,A,A,B,-,H,H,H,H,H,H,H,H,-,A,A,A,A,A,H,A,A,A,-,A,H,-,B,B,B,B,-,B,H,H,H,H,H,-,A,B
26.35919,1,1,H,-,H,H,H,A,A,A,A,H,H,H,A,A,A,A,H,H,H,H,H,H,H,-,H,A,A,A,A,A,-,-,B,B,B,B,B,B,H,H,H,B,-,B,-,B,B,B,-,-,-,H,H,H,H,H,B,-,B,H,H,A,-,A,-,A,A,A,A,A,A,H,H,H,B,A,A,H,B,B,B,-,B,H,A,A,-,B,-,H,B,-,B,B
24.25705,0,1,H,-,H,H,A,A,H,B,-,H,H,-,B,B,-,H,H,-,-,B,B,B,B,B,-,B,B,H,H,B,B,B,B,B,H,A,-,-,H,A,A,A,A,A,-,A,A,A,A,H,-,B,H,H,H,H,A,A,A,-,A,H,H,H,-,A,A,A,A,A,-,A,B,B,H,-,A,A,-,A,-,A,H,-,H,H,A,H,H,H,H,B,H,-
27.77148,1,1,H,H,-,B,B,H,H,H,-,H,H,A,-,B,B,H,H,A,H,A,A,A,A,A,A,A,A,A,H,H,A,A,A,A,B,H,H,H,B,H,H,H,B,B,B,B,B,B,H,H,A,A,H,-,B,B,H,H,H,H,H,B,B,B,B,B,B,B,B,B,B,-,H,H,H,H,B,B,A,-,H,H,H,H,H,H,H,H,H,B,B,-,B,B
16.65247,1,1,A,A,A,A,A,A,A,H,A,A,A,A,-,-,H,H,H,H,B,-,-,B,-,B,B,B,B,B,H,A,B,B,-,B,-,H,H,H,H,A,A,-,H,H,H,B,H,H,H,H,H,-,-,B,B,H,H,B,B,H,H,A,A,A,A,A,A,A,A,-,A,A,H,H,H,H,H,B,B,B,B,-,A,A,A,A,H,B,A,A,A,-,A,A
26.36517,0,1,H,H,H,B,B,B,B,B,B,H,H,H,H,H,H,A,A,A,A,H,-,H,H,H,H,H,H,H,H,A,A,A,A,-,-,A,-,H,H,B,B,-,H,H,-,H,H,B,H,H,B,B,A,-,H,H,H,H,-,H,H,H,H,H,H,H,H,H,H,H,-,H,A,A,-,H,B,B,B,-,-,H,-,B,B,B,A,A,H,H,H,H,-,-
30.09761,0,1,H,B,B,H,H,H,B,A,A,H,H,H,A,B,-,-,H,H,H,H,H,-,H,H,H,H,H,H,H,A,A,H,H,H,H,H,H,H,A,A,-,H,A,A,-,H,H,H,H,-,-,B,A,A,-,A,H,B,-,H,H,-,B,B,B,-,B,B,B,B,B,H,B,B,-,-,A,H,A,H,H,A,B,B,B,B,H,-,H,H,A,H,-,H
35.09342,1,1,H,H,H,H,A,-,H,H,-,-,H,H,-,H,H,-,H,B,B,H,H,-,H,H,H,H,-,H,H,H,-,B,B,-,B,B,B,-,B,B,B,B,-,B,B,B,B,B,A,A,H,H,H,H,-,B,H,H,H,H,H,A,A,A,A,A,H,H,H,H,H,H,B,H,A,H,H,H,B,B,B,-,B,B,-,A,H,B,A,H,A,A,B,A
28.38749,1,1,A,A,A,H,-,-,B,H,-,-,-,A,A,A,A,A,H,H,B,H,-,A,A,A,-,A,-,A,B,A,A,A,A,A,B,B,B,B,H,-,H,H,H,H,H,H,H,-,H,B,B,-,H,A,H,H,H,H,H,H,H,H,H,-,-,H,H,H,H,H,H,H,H,H,A,A,H,H,H,H,A,A,B,H,-,-,A,A,A,H,B,B,B,-
25.31799,0,1,B,B,B,H,-,H,-,B,H,H,H,-,-,A,A,H,H,A,A,A,A,A,-,A,A,A,A,A,A,H,H,H,H,H,H,H,B,B,B,B,B,-,A,A,A,A,A,A,H,H,H,A,H,H,B,B,A,A,-,A,H,B,B,-,H,H,H,H,H,H,H,B,H,H,H,A,A,A,H,-,H,H,A,-,A,A,H,A,A,A,A,B,B,H
22.7092,0,1,A,A,A,A,H,H,H,A,B,B,-,H,B,-,H,-,A,-,A,-,H,H,H,H,-,H,-,H,H,B,-,B,H,H,B,B,B,-,B,-,B,B,A,A,A,H,H,B,H,-,H,H,H,H,H,H,H,H,H,H,H,A,A,-,A,A,A,A,A,A,H,B,-,B,B,-,H,H,H,-,B,B,A,A,A,A,H,B,A,A,A,B,B,B
27.09928,1,1,B,B,B,B,B,H,B,H,-,H,H,B,A,-,A,-,A,A,-,A,A,A,A,A,A,-,A,A,A,A,H,H,H,H,H,-,H,-,H,-,H,A,H,H,H,H,H,A,H,H,H,-,B,B,B,B,B,H,H,H,B,H,H,H,H,H,H,A,-,A,A,H,B,B,B,A,-,H,A,A,A,A,H,H,H,H,A,H,H,H,A,A,A,A
21.01349,1,1,A,A,A,A,A,H,H,H,H,B,B,-,-,B,B,-,-,B,H,-,H,H,H,H,H,H,-,-,H,H,A,A,H,H,B,-,B,B,H,H,H,A,-,A,A,A,B,H,-,A,A,H,-,-,-,-,H,B,B,-,B,B,B,B,B,-,B,B,B,B,B,B,-,H,A,H,A,A,H,H,-,-,H,H,-,H,A,H,H,B,H,B,-,B
30.85013,0,1,-,H,H,B,H,H,B,B,-,H,B,B,H,H,H,H,H,H,B,H,-,H,H,H,H,H,-,H,H,H,B,H,H,H,H,H,H,H,B,-,B,B,B,B,-,H,H,H,H,H,H,H,B,B,H,H,H,-,H,H,H,B,B,B,B,B,B,B,H,H,B,B,H,H,H,H,H,H,-,H,A,A,B,-,B,B,H,H,B,B,B,H,B,B
28.91224,1,1,B,H,H,A,A,A,-,A,H,H,H,A,-,B,B,A,A,A,A,B,B,B,B,B,B,B,B,B,B,-,B,B,B,B,B,B,-,B,-,H,-,H,H,-,H,H,H,-,H,H,A,A,A,A,A,-,A,A,A,H,H,H,H,-,H,H,H,H,H,H,H,H,H,H,H,B,B,A,-,H,H,B,H,H,-,H,B,B,H,B,-,B,B,B
23.41541,0,1,A,H,H,H,H,-,A,-,H,H,H,H,A,-,A,-,A,A,H,H,H,H,H,H,H,H,H,H,B,H,A,A,H,-,B,-,B,B,-,H,H,H,H,H,H,-,H,B,B,B,H,B,A,A,A,H,-,H,H,-,H,H,H,H,H,-,H,-,A,A,A,A,-,H,H,A,A,-,H,H,H,H,A,-,-,H,H,A,H,-,H,B,B,B
27.19879,0,1,B,B,B,B,B,B,B,H,A,A,A,A,B,B,-,A,A,A,A,H,H,H,-,-,A,A,A,A,A,B,B,B,B,B,H,H,A,A,H,H,H,-,H,H,H,-,H,H,H,B,-,H,-,B,-,-,H,A,A,H,H,B,-,B,B,B,B,B,-,-,B,-,A,A,-,B,B,B,A,H,B,H,A,A,A,A,A,-,B,H,A,B,B,-
30.10937,0,1,H,H,H,B,H,A,A,H,H,B,B,H,H,H,H,H,B,B,-,A,A,A,A,A,-,-,A,A,A,H,A,A,A,A,A,A,-,A,H,-,H,H,A,A,A,H,H,A,B,B,-,B,B,B,B,B,A,A,A,A,A,A,A,A,A,A,A,A,A,A,A,H,A,H,H,-,H,H,H,H,H,H,A,A,A,A,H,H,H,H,H,-,H,H
29.34499,0,1,B,B,B,H,B,B,B,H,A,H,H,H,H,B,H,A,A,A,A,H,H,H,H,H,H,H,-,A,A,H,B,-,H,-,H,H,H,H,B,-,B,B,H,H,H,H,H,H,H,H,H,H,A,A,A,A,-,B,B,H,H,H,H,H,H,H,H,H,H,H,H,H,A,A,H,B,B,H,H,H,H,B,A,A,H,H,A,A,B,-,-,H,H,H
20.7766,1,1,H,H,H,H,H,H,H,-,H,A,A,H,B,H,-,H,H,H,H,A,A,A,A,-,A,A,A,-,A,H,H,-,H,A,A,-,A,A,H,-,H,H,A,A,A,-,A,H,-,B,B,H,H,H,H,H,B,H,H,-,H,-,H,-,H,H,B,B,B,B,B,B,A,A,A,H,H,H,H,H,B,B,A,H,H,H,A,A,B,-,H,A,A,B
24.93271,1,1,H,H,H,H,H,H,H,H,A,A,A,H,H,H,A,B,B,B,H,H,H,H,H,H,H,H,B,-,B,H,H,H,H,H,H,A,A,-,B,B,B,H,B,B,H,H,A,A,A,A,A,A,B,H,H,H,A,A,A,-,H,H,H,H,-,H,H,H,H,H,B,H,A,A,A,A,H,A,-,H,H,-,A,H,H,H,-,B,-,H,H,A,A,-
27.83746,0,1,-,B,B,B,B,B,H,A,A,-,A,-,A,A,A,H,A,H,-,H,H,H,H,H,H,-,-,B,-,-,H,H,H,H,A,B,B,H,H,-,-,-,A,A,-,A,-,A,B,-,H,H,-,-,-,H,B,B,B,A,A,-,H,H,H,H,H,H,H,H,H,A,H,H,-,-,B,B,B,B,H,H,B,B,B,B,B,B,-,A,H,H,B,H
28.02966,0,1,-,H,-,B,H,H,H,B,B,B,-,H,-,A,H,A,H,H,H,H,H,H,-,H,H,H,H,H,-,H,H,H,H,H,B,H,-,A,B,B,-,B,B,B,-,B,-,H,B,H,H,H,B,-,A,A,-,H,-,H,H,H,H,-,H,-,H,H,H,H,H,H,B,-,B,-,H,B,H,H,H,A,H,H,H,H,B,B,-,B,B,H,B,H
30.85169,1,1,-,B,-,B,B,B,B,A,H,B,B,-,A,A,-,H,H,H,H,A,-,A,A,A,A,A,-,-,H,H,H,H,H,H,A,A,A,A,H,H,H,-,H,H,H,H,H,H,B,B,H,H,-,B,A,A,A,A,A,A,H,B,B,B,B,B,B,B,B,-,B,B,B,H,A,H,H,H,B,B,B,B,A,A,A,A,-,B,H,B,B,B,B,B
20.80211,0,1,A,H,H,A,A,B,B,A,A,A,A,-,A,A,H,H,H,H,A,H,H,H,H,H,H,H,B,B,B,H,H,-,H,-,A,H,H,H,B,B,B,H,A,A,A,H,H,H,H,H,H,A,-,A,A,-,-,-,A,H,-,B,B,-,B,B,-,B,-,B,H,H,H,H,H,A,A,-,H,H,A,A,H,H,-,H,B,B,H,-,B,-,H,B
19.20612,1,1,B,B,B,H,H,B,B,B,B,H,-,A,H,-,H,A,H,-,A,-,B,B,B,B,B,B,B,B,B,B,-,-,B,H,A,A,H,A,A,A,A,A,H,H,H,H,H,A,H,-,H,B,H,A,A,H,A,A,-,H,-,-,H,-,H,H,H,H,H,H,H,-,-,B,H,B,B,B,H,H,H,A,H,H,H,H,B,B,A,A,A,-,B,B
25.82965,1,1,H,H,H,B,B,-,B,B,B,B,B,H,H,H,H,B,H,H,H,B,-,B,B,B,B,-,B,-,B,A,B,B,B,H,-,H,H,H,-,H,-,H,H,H,H,-,H,A,H,H,H,-,-,A,A,H,A,H,-,H,H,B,B,B,B,B,B,-,B,B,B,B,H,B,B,H,-,-,H,A,A,A,H,A,A,A,-,A,A,A,A,A,A,A
28.05771,0,1,H,-,H,-,B,B,-,H,H,H,H,H,B,B,H,B,B,B,B,A,A,A,A,H,H,H,H,-,H,H,H,H,H,H,A,A,A,A,B,H,-,H,H,A,A,A,A,A,H,A,H,H,A,-,A,A,-,H,A,H,-,-,H,H,H,-,H,H,H,H,H,H,H,H,H,H,-,H,B,B,-,H,B,B,B,B,B,B,H,H,B,B,B,B
28.78564,0,1,H,H,-,H,H,A,A,H,H,-,-,A,B,B,B,A,A,A,A,A,A,A,-,A,A,A,A,A,H,B,B,B,B,B,H,H,H,H,-,H,H,B,H,H,H,H,H,H,H,H,-,B,B,H,H,-,B,-,H,-,A,B,H,-,H,H,H,H,-,H,-,-,A,A,A,H,H,H,-,-,H,B,B,-,B,H,H,H,B,B,B,B,B,B
31.99221,0,1,H,H,H,H,-,A,A,H,H,B,B,B,A,-,A,H,B,H,H,B,-,B,B,B,B,B,B,B,B,B,B,B,B,-,B,B,H,B,A,A,-,B,H,H,-,H,H,-,B,-,H,A,-,A,A,A,B,H,H,B,B,A,A,A,A,A,A,A,A,A,H,H,H,H,H,A,H,H,B,B,-,H,A,A,H,H,H,H,H,H,A,B,-,B
21.97915,0,1,B,B,B,B,B,B,H,B,-,B,B,B,H,-,B,H,H,H,H,H,H,H,H,H,H,H,H,H,B,A,H,H,H,A,H,H,H,H,A,-,A,A,H,H,H,H,H,H,-,A,A,A,H,-,H,H,H,H,H,A,A,A,-,A,A,A,A,A,A,A,H,B,-,-,B,-,H,B,H,H,H,H,B,B,B,B,H,-,-,-,B,H,H,H
26.26661,0,1,H,H,H,H,H,H,B,H,H,-,-,A,B,B,-,H,A,H,-,H,H,H,H,H,H,H,H,H,H,B,B,B,B,B,B,-,B,B,-,-,B,B,H,H,-,H,H,H,H,-,B,H,H,A,-,H,H,-,H,A,A,-,H,H,H,H,H,H,-,H,H,-,H,H,B,-,H,H,B,B,B,B,A,A,A,A,B,H,A,A,H,-,-,B
14.60331,1,1,-,H,H,H,H,A,A,A,-,A,A,-,H,-,-,H,H,H,H,H,-,-,B,B,B,-,B,B,B,H,H,-,H,A,H,A,H,-,A,-,A,A,B,B,B,H,-,-,A,A,A,A,H,-,-,H,B,B,B,H,-,A,A,A,A,A,A,A,A,A,A,H,H,H,-,B,B,B,B,B,H,H,B,B,B,B,H,H,-,H,H,-,A,A
22.31698,0,1,H,-,H,H,H,H,B,-,H,-,A,-,H,-,H,H,H,-,H,B,B,B,B,-,-,H,H,-,H,B,H,H,A,A,H,H,H,H,A,H,H,-,H,H,H,H,H,H,B,B,B,H,H,H,A,H,H,H,H,H,H,B,H,H,H,H,H,H,H,H,-,A,H,H,-,-,H,-,A,A,H,H,H,H,H,H,H,B,B,-,B,H,H,H
24.074,1,1,H,H,B,H,H,H,H,-,H,H,H,A,A,A,A,H,H,-,H,A,A,A,A,A,A,A,A,A,A,H,H,H,H,-,-,H,H,-,B,B,B,B,H,H,H,H,H,-,B,B,-,B,-,H,H,H,-,B,B,B,-,-,B,-,-,B,B,-,H,H,H,H,H,H,H,H,H,H,B,B,B,B,A,-,-,B,B,-,H,A,A,A,A,A
27.0735,1,1,H,H,H,H,H,-,H,H,A,H,H,A,H,H,H,H,B,B,B,H,H,-,H,H,H,H,-,H,H,B,B,B,B,B,B,B,B,H,B,H,H,H,H,-,H,-,H,H,A,A,-,A,-,H,H,-,-,-,A,-,A,H,H,H,H,-,B,B,B,-,-,B,H,H,A,B,H,H,A,H,H,H,H,H,H,H,A,A,B,B,H,B,B,B
20.01481,1,1,-,-,-,B,B,B,H,H,H,-,H,-,-,A,H,H,-,H,H,H,H,H,H,H,H,H,H,H,A,B,H,H,H,B,H,H,H,H,A,H,-,A,A,A,-,A,-,H,-,A,B,B,H,B,B,B,H,A,A,A,-,H,H,H,H,H,A,A,A,A,A,A,B,B,B,H,H,H,-,A,H,-,H,H,H,H,A,A,H,H,-,A,A,-
27.39589,0,1,A,H,H,A,A,H,H,A,H,H,H,A,B,H,H,B,-,B,B,H,-,H,H,H,H,H,A,A,A,B,H,A,A,H,H,H,H,H,A,A,H,A,-,H,-,-,A,A,H,B,B,H,B,B,H,A,A,A,H,B,B,B,B,B,B,B,B,B,B,B,B,H,-,-,H,B,B,B,A,A,A,B,B,B,B,B,H,B,A,A,A,B,B,H
30.94302,1,1,H,H,H,H,H,B,H,H,A,A,A,A,-,A,-,H,H,H,A,A,A,-,A,H,-,H,H,A,-,B,-,B,B,B,H,H,H,H,A,H,H,H,A,A,A,-,-,A,H,-,H,A,H,H,-,H,B,B,-,H,H,A,H,H,B,B,H,H,-,H,-,H,H,-,A,A,A,A,H,H,H,H,H,H,H,H,H,-,B,-,B,B,A,A
26.69831,1,1,B,B,B,H,H,A,-,B,-,B,B,-,H,H,H,-,-,B,B,H,H,H,H,H,H,-,H,H,A,H,-,B,B,-,B,B,B,-,B,B,-,A,H,H,H,B,B,B,H,H,H,-,B,B,-,-,H,H,-,B,-,B,B,B,B,-,B,B,B,B,B,B,H,-,H,H,-,A,H,H,H,-,H,H,H,H,A,H,A,A,A,-,A,A
21.68695,1,1,H,H,H,-,-,H,-,A,B,B,B,-,H,-,H,A,-,H,A,H,H,H,H,H,H,-,H,H,H,A,A,A,A,A,H,H,A,H,A,A,A,A,A,A,A,H,H,-,-,B,H,H,H,-,-,H,H,H,H,-,B,H,H,H,H,H,H,H,H,H,H,H,A,A,H,B,B,H,-,-,-,B,A,A,-,A,H,H,B,B,B,A,A,-
21.53632,1,1,H,-,H,H,H,A,A,H,H,H,H,H,H,-,A,H,A,H,H,A,A,A,A,-,A,-,A,A,A,H,B,B,B,B,B,B,H,H,B,B,H,H,H,H,-,H,H,H,A,A,A,H,H,-,A,A,A,A,A,-,-,H,H,H,-,H,H,H,H,H,A,A,-,H,-,A,-,A,-,-,B,A,H,H,H,H,H,-,H,H,H,A,A,A
21.77168,1,1,H,H,H,B,B,-,-,H,H,B,B,B,H,H,H,H,H,H,-,A,A,A,A,-,A,-,A,A,B,A,A,A,A,-,B,B,B,B,H,B,B,B,A,A,A,A,A,H,H,H,H,H,-,B,H,H,-,A,A,A,A,-,B,B,B,B,H,H,-,H,H,H,H,H,H,H,A,A,A,A,A,A,H,A,-,A,A,A,B,-,B,A,A,B
18.41747,1,1,A,A,A,A,A,-,H,H,-,-,-,H,H,-,-,H,H,H,H,-,H,H,-,H,H,H,A,A,H,A,A,A,A,A,A,A,A,-,B,-,A,A,B,B,B,-,B,-,H,H,H,A,H,H,-,A,A,A,A,-,H,A,A,A,A,-,A,A,A,A,-,A,-,A,A,A,A,-,A,A,H,H,H,H,H,H,B,B,H,H,H,B,B,B
26.41617,1,1,H,H,H,H,H,H,B,A,H,H,H,H,H,-,A,-,H,H,A,-,H,H,H,H,H,H,A,A,A,H,-,H,-,H,B,B,B,-,H,-,B,B,A,A,A,H,H,B,A,A,A,A,H,H,H,H,B,B,B,H,-,A,A,A,A,-,H,A,A,A,A,A,H,B,B,B,-,H,B,B,B,H,H,B,B,B,H,H,-,-,B,B,B,B
17.85979,1,1,H,H,H,B,H,H,A,-,H,H,-,H,H,H,H,-,H,B,A,B,B,B,B,B,B,B,H,B,-,H,A,A,A,-,A,H,A,A,-,B,B,A,A,A,A,A,A,B,H,A,A,A,H,-,B,B,-,H,-,B,B,-,A,A,A,A,A,A,A,A,A,H,H,B,B,-,A,-,H,H,H,H,H,H,-,-,-,H,-,B,-,-,A,A
22.52339,1,1,H,H,-,-,H,H,A,A,A,A,A,-,H,H,A,H,-,H,H,H,H,H,H,H,H,H,H,H,-,B,A,A,A,A,H,H,-,H,H,A,A,-,A,-,A,-,A,H,H,H,H,H,A,A,A,-,-,A,B,B,H,H,H,H,H,H,-,H,H,H,B,B,H,H,H,B,H,-,A,H,H,-,H,-,A,A,H,H,B,B,H,A,A,B
24.65417,0,1,H,H,B,B,B,B,H,H,A,A,A,A,H,B,B,H,H,B,B,B,B,B,B,B,B,B,B,H,B,H,H,H,H,H,-,A,A,-,-,-,A,A,H,H,A,A,H,H,B,B,-,B,H,H,A,A,A,H,H,H,-,-,-,-,H,H,-,H,H,H,A,H,H,H,H,H,H,B,H,H,A,A,H,H,H,H,H,-,H,-,A,H,H,H
18.63943,0,1,A,A,-,A,H,H,B,B,B,-,H,H,H,H,H,H,H,H,H,A,A,A,A,A,-,-,H,H,A,B,H,H,H,-,A,A,H,H,-,H,B,-,A,A,A,A,A,H,-,B,B,B,-,A,H,H,B,H,H,H,H,A,A,A,A,A,A,A,A,A,A,A,B,B,H,H,-,B,-,A,A,B,A,A,A,A,B,H,A,A,A,B,B,-
22.16277,1,1,B,-,B,A,A,A,H,A,-,H,H,H,-,-,B,B,H,H,A,B,B,-,B,B,B,B,B,B,B,B,B,B,B,H,H,H,B,B,H,H,H,H,B,B,B,-,B,-,H,H,H,H,A,A,A,-,H,A,A,A,A,H,H,H,H,H,H,H,A,H,A,B,H,A,-,A,-,A,-,H,B,H,H,H,H,H,-,A,H,H,H,-,-,-
25.45562,0,1,H,-,H,B,H,A,H,H,H,-,-,H,A,H,H,B,H,H,H,H,H,H,H,H,H,H,H,H,-,-,H,H,H,H,H,H,A,A,H,H,H,H,A,A,A,A,H,H,B,H,H,H,A,A,A,A,H,H,H,H,H,-,B,B,B,B,-,B,B,B,B,H,A,A,A,H,H,B,B,B,B,B,-,B,-,-,H,H,H,H,-,B,-,B
30.53872,0,1,H,H,H,H,H,H,H,-,A,A,H,H,B,A,A,H,-,B,-,-,H,H,H,H,H,H,H,H,H,-,-,A,A,A,B,B,B,B,B,B,B,B,H,H,-,H,-,H,H,H,A,A,H,H,-,H,H,H,B,-,A,B,B,B,B,B,B,-,-,B,-,B,B,B,B,A,A,A,-,H,H,H,H,-,B,B,A,H,-,B,B,H,-,H
22.69805,0,1,-,H,H,B,-,B,B,H,A,A,-,H,B,B,H,H,H,H,H,H,H,H,-,H,-,H,H,B,B,B,B,B,B,B,H,B,B,-,B,-,-,B,B,B,B,B,B,B,H,H,B,B,A,A,A,A,H,B,H,H,H,A,A,A,A,A,A,-,A,A,A,-,H,H,H,B,H,-,B,B,B,B,H,H,H,-,-,A,H,A,A,H,-,H
24.25333,1,1,A,A,A,H,H,H,-,B,B,H,H,H,H,-,H,H,H,H,H,-,A,-,A,-,H,H,H,H,H,B,H,H,H,H,B,B,B,-,H,H,B,B,B,B,B,B,B,H,B,H,B,B,-,H,-,H,H,H,H,H,H,H,H,H,H,H,-,H,H,H,H,H,H,H,H,A,-,H,H,H,H,H,H,H,H,H,H,H,A,H,H,-,A,A
25.44811,1,1,B,B,B,B,B,H,H,B,B,B,B,B,-,A,H,H,A,-,-,H,H,H,H,H,H,B,-,B,-,H,B,H,H,H,A,H,H,H,H,-,H,H,H,-,-,H,H,H,A,H,A,H,A,A,H,H,A,-,A,A,A,H,-,H,H,H,H,H,H,H,H,H,A,A,-,H,-,B,A,A,A,-,B,B,B,H,H,B,A,H,B,B,B,A
23.15258,0,1,H,H,H,H,H,H,A,-,H,H,H,H,A,H,H,-,B,A,H,H,H,-,H,H,H,H,B,B,A,B,B,-,B,H,-,H,-,H,-,A,A,H,H,H,H,A,A,H,H,H,H,H,-,H,H,-,A,A,A,A,-,H,H,H,H,H,H,H,H,H,H,H,H,H,H,-,B,H,H,H,-,B,A,-,A,A,H,H,-,A,A,-,-,B
25.56351,0,1,A,A,A,A,A,A,H,A,A,A,A,H,B,B,B,H,B,B,H,H,H,H,H,H,H,H,H,-,H,H,A,A,A,A,H,A,H,H,A,A,A,A,B,B,B,B,H,H,A,A,A,H,B,B,B,B,H,H,-,H,-,H,H,H,-,H,A,A,A,A,A,A,-,H,B,H,-,H,H,H,H,H,B,H,A,A,-,H,H,H,A,B,B,H
25.00896,1,1,A,H,H,A,H,H,H,H,H,-,H,H,A,H,H,H,B,B,B,B,B,-,B,B,H,H,H,-,H,B,-,-,H,H,A,-,A,-,A,H,H,H,A,A,-,A,A,A,A,A,A,A,B,H,A,A,H,H,A,A,A,-,H,H,H,H,-,H,H,H,H,H,H,H,H,H,H,B,H,-,H,H,H,H,H,B,B,-,B,-,-,B,-,B
22.1071,0,1,A,H,H,H,A,H,-,A,A,A,H,H,H,H,A,H,-,H,H,H,H,H,-,H,H,-,H,H,A,B,B,B,B,B,H,H,H,H,A,A,A,A,H,-,-,H,A,A,H,H,H,-,H,H,H,H,-,A,A,A,H,A,A,A,-,A,A,A,-,A,A,H,H,B,H,A,A,H,-,H,H,H,H,H,H,H,H,H,-,H,B,H,-,H
22.87969,1,1,A,A,A,A,A,A,H,H,A,H,H,H,H,H,H,H,B,B,B,H,H,-,H,H,H,-,H,H,A,H,H,H,B,B,H,-,H,H,A,A,A,A,-,A,A,A,-,A,H,-,B,H,-,H,H,H,H,A,A,A,A,B,B,-,B,-,B,B,B,B,B,B,H,A,A,-,H,H,B,B,B,H,H,H,-,H,H,H,H,H,H,B,B,B
17.64685,1,1,B,-,B,H,-,H,H,A,A,-,A,H,B,B,B,H,-,H,H,A,A,A,H,H,H,H,H,H,H,B,-,B,B,B,-,-,H,H,B,B,B,H,H,H,-,A,A,-,H,H,H,B,-,H,-,H,B,H,-,H,H,A,-,A,H,H,-,H,H,-,H,B,H,H,-,A,A,A,H,H,A,H,H,H,H,H,H,B,-,H,H,-,B,B
23.02018,1,1,B,B,B,B,-,B,B,H,H,H,H,A,H,H,H,-,-,H,-,H,H,H,H,H,H,H,H,H,H,A,H,H,H,H,B,B,A,A,B,B,B,B,B,-,B,B,H,H,B,H,H,B,H,A,A,A,B,H,-,A,-,-,A,A,A,A,A,-,A,A,A,A,A,A,B,H,H,B,A,A,A,H,-,H,H,H,H,B,H,B,H,A,A,-
24.16709,0,1,B,-,B,B,B,-,H,-,H,B,B,B,H,H,A,H,H,B,B,H,-,H,H,H,H,H,A,A,A,H,H,H,H,H,H,H,H,A,B,H,B,H,B,-,B,B,B,B,B,B,B,B,A,H,H,H,H,B,H,H,H,H,H,-,-,H,H,H,H,H,H,A,H,H,H,A,A,H,H,H,A,H,B,-,B,B,A,A,-,H,H,H,-,H
24.66155,1,1,H,H,H,H,H,H,A,A,H,H,H,H,B,H,A,B,B,B,H,-,H,H,H,H,H,H,H,A,A,B,B,H,A,H,-,B,H,A,A,A,-,B,H,H,H,-,A,A,-,H,-,H,A,A,A,H,B,-,B,B,B,B,B,B,B,B,B,B,B,B,B,H,H,-,H,B,B,B,-,H,H,H,H,-,A,A,H,H,B,H,A,B,A,A
34.91368,0,1,B,-,B,H,-,H,H,H,-,-,H,A,B,A,H,H,B,B,-,-,-,H,H,H,H,H,H,B,B,H,B,B,B,H,A,A,A,-,H,H,H,A,A,A,-,A,A,H,-,B,-,H,B,B,-,H,H,H,H,H,H,A,A,A,H,H,H,H,H,-,H,H,B,B,B,-,H,-,H,H,H,H,A,A,A,A,H,H,H,H,H,B,B,B
20.75272,0,1,A,A,-,H,A,H,H,B,H,-,A,-,H,H,H,A,A,A,A,H,H,H,H,H,A,A,A,A,A,H,H,H,H,B,A,A,A,-,B,B,-,H,H,B,B,B,B,H,H,-,A,-,A,A,A,-,-,H,-,H,H,A,A,H,H,-,H,H,H,A,A,H,-,B,A,H,H,H,B,B,B,B,H,H,H,H,H,H,H,H,H,H,H,H
25.08965,1,1,A,A,A,A,H,H,H,H,-,H,H,H,A,A,H,-,A,H,B,B,B,-,B,B,B,B,B,-,B,B,B,H,H,-,H,H,H,-,-,H,-,B,-,A,A,H,H,H,H,H,H,A,H,H,-,A,H,H,H,-,H,B,B,-,-,B,-,B,B,B,B,H,B,-,B,H,H,H,H,A,A,H,H,-,H,H,A,A,B,B,B,B,B,B
31.4319,1,1,B,B,B,B,B,B,B,-,H,H,H,H,H,B,B,B,H,H,B,A,A,A,A,A,A,A,H,H,H,H,H,H,H,B,B,-,B,B,A,A,A,H,H,H,H,H,H,H,H,H,B,B,-,A,A,A,A,A,A,A,A,B,B,B,B,-,B,-,-,B,B,H,A,A,A,B,B,-,B,B,-,B,H,H,H,H,H,H,A,A,A,B,B,-
24.87762,0,1,B,B,B,H,H,H,H,-,A,-,-,H,-,H,H,H,-,-,H,H,-,H,H,H,H,H,H,A,A,-,A,B,-,B,B,B,B,B,B,H,H,H,B,B,B,H,H,H,H,H,H,H,A,A,H,H,H,H,H,A,H,B,B,B,B,B,-,-,-,B,B,B,A,A,A,B,B,H,B,H,H,H,H,H,H,H,B,H,H,-,B,-,H,H
30.58052,1,1,B,B,B,B,B,B,B,H,H,-,H,B,A,A,A,H,B,B,B,H,H,H,H,H,H,H,H,H,H,H,H,H,B,H,A,A,A,A,H,H,H,H,-,H,H,H,-,B,H,A,A,H,A,A,-,-,A,A,A,H,H,H,-,H,H,H,A,A,A,-,A,A,B,H,H,H,-,B,A,A,A,H,H,H,A,A,B,H,-,-,-,-,B,A
26.93664,0,1,B,B,H,H,B,B,B,-,B,B,B,-,H,H,-,H,H,H,H,H,H,B,B,B,-,B,B,B,H,H,H,H,H,-,-,A,H,H,-,B,B,A,A,A,A,-,B,B,H,H,H,-,B,H,H,H,A,B,B,B,H,A,H,H,H,H,-,-,H,H,-,H,-,A,H,H,H,H,A,A,A,-,-,H,H,-,B,A,H,A,H,H,-,B
29.39766,0,1,H,H,H,H,-,-,H,A,A,A,H,A,B,-,H,B,H,A,A,-,B,B,B,B,B,-,B,B,H,A,A,A,H,H,A,A,H,-,B,B,B,B,B,B,B,-,B,B,H,H,B,-,B,B,H,H,H,A,H,A,A,H,H,H,H,-,H,H,H,-,H,A,A,-,A,B,H,A,B,H,H,A,B,B,-,H,A,A,H,-,H,H,B,-
19.09956,1,1,A,A,A,A,H,H,H,A,A,-,-,A,B,B,-,-,-,H,H,H,H,H,H,H,-,H,-,H,B,H,-,H,H,H,A,A,A,A,-,H,H,-,A,A,A,A,-,A,H,B,B,-,H,H,H,B,H,B,-,B,B,B,B,-,-,B,B,B,-,-,-,H,H,H,H,B,-,-,H,H,H,H,B,B,H,H,H,H,H,H,H,A,A,A
23.29285,0,1,H,A,A,A,H,A,A,-,-,H,H,H,H,H,H,B,B,B,B,H,-,H,H,H,H,H,H,B,B,H,H,B,B,B,H,-,A,A,A,H,H,H,A,A,-,H,-,B,H,H,H,H,B,B,B,B,H,-,H,H,-,-,A,A,A,A,A,A,A,A,A,H,H,H,H,A,H,B,A,A,A,A,H,H,H,H,H,H,H,H,B,H,H,B
